
drop table if exists v2_equipment;
CREATE TABLE IF NOT EXISTS v2_equipment (
  EquipmentID varchar(50) NOT NULL,
  EquipmentName varchar(100),
  EquipmentType varchar(53),
  UseIndicator varchar(5)
);
INSERT INTO v2_equipment (EquipmentID, EquipmentName, EquipmentType, UseIndicator) VALUES
	('KRCW-01EATT018', 'F Door 부착', 'Cycle 조립 설비', 'True'),
	('KRCW-01EATT019', 'R Door 부착', 'Cycle 조립 설비', 'True'),
	('KRCW-01EATT020', '신규 Bush 부착기', '내함 가조립 설비', 'True'),
	('KRCW-01EATT021', 'Bush 부착기', '내함 가조립 설비', 'True'),
	('KRCW-01ECEM001', '센터링-In', 'CRF 설비', 'True'),
	('KRCW-01ECEM002', '센터링-Out', 'CRF 설비', 'True'),
	('KRCW-01ECEM003', '힌지 센터링', 'CRF 설비', 'True'),
	('KRCW-01ECON027', '폼PU 부착 C/V', 'CRF 설비', 'True'),
	('KRCW-01ECON028', 'VIP 부착 C/V', 'CRF 설비', 'True'),
	('KRCW-01ECON029', '힌지 C/V', 'CRF 설비', 'True'),
	('KRCW-01EETC025', '180턴 오버', 'CRF 설비', 'True'),
	('KRCW-01EETC026', '롤 포머', 'CRF 설비', 'True'),
	('KRCW-01EETC027', '플랜지 센싱', 'CRF 설비', 'True'),
	('KRCW-01EETC028', '엣지&Z벤더', 'CRF 설비', 'True'),
	('KRCW-01EETC029', 'L-벤더', 'CRF 설비', 'True'),
	('KRCW-01EETC030', 'U-벤더', 'CRF 설비', 'True'),
	('KRCW-01EETC031', '힌지코킹', 'CRF 설비', 'True'),
	('KRCW-01EETC032', '레인포스-In', 'CRF 설비', 'True'),
	('KRCW-01EETC033', '레인포스-Out', 'CRF 설비', 'True'),
	('KRCW-01EETC034', '발포 OP1 삽입기', 'Door 조립 설비', 'True'),
	('KRCW-01EETC035', '발포 OP2 OPEN', 'Door 조립 설비', 'True'),
	('KRCW-01EETC040', 'QDC OP3 LIFT#2', 'Door 조립 설비', 'True'),
	('KRCW-01EETC041', '메인대차', 'CASE 발포 설비', 'True'),
	('KRCW-01EETC042', '도어 OPEN', 'CASE 발포 설비', 'True'),
	('KRCW-01EETC043', '도어 CLOSE', 'CASE 발포 설비', 'True'),
	('KRCW-01EETC044', '질소주입기', 'CASE 발포 설비', 'True'),
	('KRCW-01EETC045', '액주입기', 'CASE 발포 설비', 'True'),
	('KRCW-01EETC046', '비닐 랩핑기', '포장 설비', 'True'),
	('KRCW-01EETC048', '설치카드부착기', 'Cycle 조립 설비', 'True'),
	('KRCW-01EETC050', '고주파 락링 #1', 'Cycle 조립 설비', 'True'),
	('KRCW-01EETC051', 'CaseFoam눕힘', 'Cycle 조립 설비', 'True'),
	('KRCW-01EETC057', '발포 OP1 CLOSE', 'Door 조립 설비', 'True'),
	('KRCW-01EETC058', '발포 OP2 라이너', 'Door 조립 설비', 'True'),
	('KRCW-01EETC060', 'QDC OP3 배출', 'Door 조립 설비', 'True'),
	('KRCW-01EETC061', '가조립A라인 리프트', '내함 가조립 설비', 'True'),
	('KRCW-01EETC062', '형합기 형합', '내함 가조립 설비', 'True'),
	('KRCW-01EETC063', '형합기 배출', '내함 가조립 설비', 'True'),
	('KRCW-01EETC078', 'CaseFoam세움', 'Cycle 조립 설비', 'True'),
	('KRCW-01EINM044', '박스씌움', '포장 설비', 'True'),
	('KRCW-01EINM045', '코너삽입1', '포장 설비', 'True'),
	('KRCW-01EINM046', 'Packing Shelf 고내 삽입 (R실)', '포장 설비', 'True'),
	('KRCW-01EINM047', 'Packing Shelf 고내 삽입(F실)', '포장 설비', 'True'),
	('KRCW-01EINM051', '투입 이재 ZONE', '내함 가조립 설비', 'True'),
	('KRCW-01EINM052', '삽입 이재 ZONE', '내함 가조립 설비', 'True'),
	('KRCW-01EINM053', 'O/C 이재 ZONE', '내함 가조립 설비', 'True'),
	('KRCW-01EINM054', '발포 OP1 주입기', 'Door 조립 설비', 'True'),
	('KRCW-01EINM057', 'QDC OP3 투입', 'Door 조립 설비', 'True'),
	('KRCW-01EINM058', '형합기 투입', '내함 가조립 설비', 'True'),
	('KRCW-01EINM059', '코너삽입2', '포장 설비', 'True'),
	('KRCW-01EINM060', '어퍼삽입1', '포장 설비', 'True'),
	('KRCW-01EINM061', '폼멜트 주입기', '내함 가조립 설비', 'True'),
	('KRCW-01EINP001', '검사기-In', 'CRF 설비', 'True'),
	('KRCW-01EINP002', '검사기-Out', 'CRF 설비', 'True'),
	('KRCW-01ELAB005', '점검표라벨 부착기', 'Cycle 조립 설비', 'True'),
	('KRCW-01ELAB006', 'VIP 라벨 부착기', 'Cycle 조립 설비', 'True'),
	('KRCW-01ELAB007', 'Out Case', '내함 가조립 설비', 'True'),
	('KRCW-01ELAB008', '경고라벨', 'Cycle 조립 설비', 'True'),
	('KRCW-01ELAB009', 'SP라벨', 'Cycle 조립 설비', 'True'),
	('KRCW-01ELAM006', '레이저 각인&도포설비R#1', 'Door 조립 설비', 'True'),
	('KRCW-01ELAM007', '레이저 각인&도포설비R#2', 'Door 조립 설비', 'True'),
	('KRCW-01ELAM008', '레이저 각인&도포설비R#3', 'Door 조립 설비', 'True'),
	('KRCW-01ELAM009', '레이저 각인&도포설비R#4', 'Door 조립 설비', 'True'),
	('KRCW-01ELAM010', '레이저 각인&도포설비R#5', 'Door 조립 설비', 'True'),
	('KRCW-01ELAM011', '힌지커버 레이저각인', 'Cycle 조립 설비', 'True'),
	('KRCW-01ELIF026', '포크 Lift', 'CASE 발포 설비', 'True'),
	('KRCW-01ELIF027', 'LQC진입라인 Lift', 'QC 설비', 'True'),
	('KRCW-01ELIF037', 'QDC OP3 LIFT#3', 'Door 조립 설비', 'True'),
	('KRCW-01ELOA016', '발포 OP2 취출기', 'Door 조립 설비', 'True'),
	('KRCW-01ELOM001', '언로딩', 'CASE 발포 설비', 'True'),
	('KRCW-01ELOM002', '로딩', 'CASE 발포 설비', 'True'),
	('KRCW-01ELQI005', 'LQC외관검사라인 Lift', 'QC 설비', 'True'),
	('KRCW-01EPAC001', '팔렛타이징', '출하 설비', 'True'),
	('KRCW-01EPPB002', 'PP밴드기 2호기', '포장 설비', 'True'),
	('KRCW-01EPPB003', 'PP밴드기 3호기', '포장 설비', 'True'),
	('KRCW-01EPPB004', 'PP밴드기 4호기', '포장 설비', 'True'),
	('KRCW-01EPPB005', 'PP밴드기 5호기', '포장 설비', 'True'),
	('KRCW-01EPRF010', '노칭프레스', 'CRF 설비', 'True'),
	('KRCW-01EPRF011', '포밍 프레스#1', 'CRF 설비', 'True'),
	('KRCW-01EPRF012', '포밍 프레스#2', 'CRF 설비', 'True'),
	('KRCW-01EROB045', '언로더로봇', 'CRF 설비', 'True'),
	('KRCW-01EROB049', 'Handle Volt_Robot #1', 'Cycle 조립 설비', 'True'),
	('KRCW-01EROB050', 'Handle Volt_Robot #2', 'Cycle 조립 설비', 'True'),
	('KRCW-01EROB051', 'Handle Volt_Robot #3', 'Cycle 조립 설비', 'True'),
	('KRCW-01EROB054', '블록자동화 10공정', '내함 가조립 설비', 'True'),
	('KRCW-01EROB055', '블록자동화 20공정', '내함 가조립 설비', 'True'),
	('KRCW-01EROB056', '블록자동화 30공정', '내함 가조립 설비', 'True'),
	('KRCW-01EROB063', '블록자동화 100공정', '내함 가조립 설비', 'True'),
	('KRCW-01EROB064', '블록자동화 110공정', '내함 가조립 설비', 'True'),
	('KRCW-01EROB065', '블록자동화 120공정', '내함 가조립 설비', 'True'),
	('KRCW-01EROB067', '블록자동화 140공정', '내함 가조립 설비', 'True'),
	('KRCW-01EROB068', '블록자동화 150공정', '내함 가조립 설비', 'True'),
	('KRCW-01EROB070', '블록자동화 170공정', '내함 가조립 설비', 'True'),
	('KRCW-01EROB071', '블록자동화 180공정', '내함 가조립 설비', 'True'),
	('KRCW-01EROB072', '블록자동화 190공정', '내함 가조립 설비', 'True'),
	('KRCW-01EROB073', '블록자동화 200공정', '내함 가조립 설비', 'True'),
	('KRCW-01EROB074', 'Base Plate 공급로봇', 'CASE 발포 설비', 'True'),
	('KRCW-01EROB075', '박스 공급 로봇#1', '포장 설비', 'True'),
	('KRCW-01EROB076', '박스 공급 로봇#2', '포장 설비', 'True'),
	('KRCW-01EROM001', '180도 반전기 #1', '내함 가조립 설비', 'True'),
	('KRCW-01EROM002', '180도 반전기 #2', '내함 가조립 설비', 'True'),
	('KRCW-01ESUM006', 'Cover Back Transfer', 'QC 설비', 'True'),
	('KRCW-01ESUU001', '시트피더', 'CRF 설비', 'True'),
	('KRCW-01ESUU002', '피더#1-In', 'CRF 설비', 'True'),
	('KRCW-01ESUU003', '피더#2-In', 'CRF 설비', 'True'),
	('KRCW-01ESUU004', '피더#1-Out', 'CRF 설비', 'True'),
	('KRCW-01ESUU005', '피더#2-Out', 'CRF 설비', 'True'),
	('KRCW-01ETAA001', '테이핑기', '포장 설비', 'True'),
	('KRCW-01ETHT006', 'Cover Back Robot', 'QC 설비', 'True'),
	('KRCW-01ETHT007', 'Front-L', '내함 가조립 설비', 'True'),
	('KRCW-01EWEM013', '고주파 용접 #1', 'Cycle 조립 설비', 'True'),
	('KRCW-01EWEM015', '고주파 용접 #3', 'Cycle 조립 설비', 'True'),
	('KRCW-01EWEM016', '고주파 용접 #4', 'Cycle 조립 설비', 'True'),
	('KRCW-01EWEM020', '고주파 용접 #8', 'Cycle 조립 설비', 'True'),
	('KRCW-01EWEM021', '고주파 용접 #9', 'Cycle 조립 설비', 'True'),
	('KRCW-01EWEM022', '고주파 용접 #10', 'Cycle 조립 설비', 'True'),
	('KRCW-01EWEM023', '고주파 용접 #11', 'Cycle 조립 설비', 'True'),
	('KRCW-02ER1A001', '내함 성형', '내함 성형 설비', 'True'),
	('KRCW-02ER1B001', '형합', '형합 설비', 'True'),
	('KRCW-02ER1C001', 'Cycle(냉매순환)', 'Cycle(냉매순환) 설비', 'True'),
	('KRCW-02ER1A101', 'Heater', 'Heater', 'True'),
	('KRCW-02ER1A102', 'VaccumFormer', 'VaccumFormer', 'True'),
	('KRCW-02ER1A103', 'PiercingTrimming', 'PiercingTrimming', 'True'),
	('KRCW-02ER1A104', 'QualityInspection', 'QualityInspection', 'True');


drop table if exists v2_equipmentparameter;
CREATE TABLE IF NOT EXISTS v2_equipmentparameter (
  ParameterID varchar(128) NOT NULL DEFAULT '',
  ParameterName varchar(64) NOT NULL DEFAULT '',
  EquipmentID varchar(50) NOT NULL DEFAULT '',
  ParameterType varchar(32) NOT NULL DEFAULT '',
  ParameterGrade varchar(32) NOT NULL DEFAULT '',
  ParameterUOMCode varchar(32) NOT NULL DEFAULT '',
  LSL varchar(16) NOT NULL DEFAULT '',
  USL varchar(16) DEFAULT NULL,
  PeriodicDataCollectionIndicator varchar(32) NOT NULL DEFAULT '',
  DataCollectionPeriod varchar(32) NOT NULL DEFAULT ''
);
INSERT INTO v2_equipmentparameter (ParameterID, ParameterName, EquipmentID, ParameterType, ParameterGrade, ParameterUOMCode, LSL, USL, PeriodicDataCollectionIndicator, DataCollectionPeriod) VALUES
	('EquipmentStatus', '설비진행상태', 'KRCW-01EATT018', '상태정보', '', '', '0', '0', '', ''),
	('EquipmentStatus', '설비진행상태', 'KRCW-01EATT019', '상태정보', '', '', '0', '0', '', ''),
	('EquipmentStatus', '설비진행상태', 'KRCW-01EATT020', '상태정보', '', '', '0', '0', '', ''),
	('EquipmentStatus', '설비진행상태', 'KRCW-01EATT021', '상태정보', '', '', '0', '0', '', ''),
	('EquipmentStatus', '설비진행상태', 'KRCW-01ECEM001', '상태정보', '', '', '0', '0', '', ''),
	('EquipmentStatus', '설비진행상태', 'KRCW-01ECEM002', '상태정보', '', '', '0', '0', '', ''),
	('EquipmentStatus', '설비진행상태', 'KRCW-01ECEM003', '상태정보', '', '', '0', '0', '', ''),
	('EquipmentStatus', '설비진행상태', 'KRCW-01ECON027', '상태정보', '', '', '0', '0', '', ''),
	('EquipmentStatus', '설비진행상태', 'KRCW-01ECON028', '상태정보', '', '', '0', '0', '', ''),
	('EquipmentStatus', '설비진행상태', 'KRCW-01ECON029', '상태정보', '', '', '0', '0', '', ''),
	('EquipmentStatus', '설비진행상태', 'KRCW-01EETC025', '상태정보', '', '', '0', '0', '', ''),
	('EquipmentStatus', '설비진행상태', 'KRCW-01EETC026', '상태정보', '', '', '0', '0', '', ''),
	('EquipmentStatus', '설비진행상태', 'KRCW-01EETC027', '상태정보', '', '', '0', '0', '', ''),
	('EquipmentStatus', '설비진행상태', 'KRCW-01EETC028', '상태정보', '', '', '0', '0', '', ''),
	('EquipmentStatus', '설비진행상태', 'KRCW-01EETC029', '상태정보', '', '', '0', '0', '', ''),
	('EquipmentStatus', '설비진행상태', 'KRCW-01EETC030', '상태정보', '', '', '0', '0', '', ''),
	('EquipmentStatus', '설비진행상태', 'KRCW-01EETC031', '상태정보', '', '', '0', '0', '', ''),
	('EquipmentStatus', '설비진행상태', 'KRCW-01EETC032', '상태정보', '', '', '0', '0', '', ''),
	('EquipmentStatus', '설비진행상태', 'KRCW-01EETC033', '상태정보', '', '', '0', '0', '', ''),
	('EquipmentStatus', '설비진행상태', 'KRCW-01EETC034', '상태정보', '', '', '0', '0', '', ''),
	('EquipmentStatus', '설비진행상태', 'KRCW-01EETC035', '상태정보', '', '', '0', '0', '', ''),
	('EquipmentStatus', '설비진행상태', 'KRCW-01EETC040', '상태정보', '', '', '0', '0', '', ''),
	('EquipmentStatus', '설비진행상태', 'KRCW-01EETC041', '상태정보', '', '', '0', '0', '', ''),
	('EquipmentStatus', '설비진행상태', 'KRCW-01EETC042', '상태정보', '', '', '0', '0', '', ''),
	('EquipmentStatus', '설비진행상태', 'KRCW-01EETC043', '상태정보', '', '', '0', '0', '', ''),
	('EquipmentStatus', '설비진행상태', 'KRCW-01EETC044', '상태정보', '', '', '0', '0', '', ''),
	('EquipmentStatus', '설비진행상태', 'KRCW-01EETC045', '상태정보', '', '', '0', '0', '', ''),
	('EquipmentStatus', '설비진행상태', 'KRCW-01EETC046', '상태정보', '', '', '0', '0', '', ''),
	('EquipmentStatus', '설비진행상태', 'KRCW-01EETC048', '상태정보', '', '', '0', '0', '', ''),
	('EquipmentStatus', '설비진행상태', 'KRCW-01EETC050', '상태정보', '', '', '0', '0', '', ''),
	('EquipmentStatus', '설비진행상태', 'KRCW-01EETC051', '상태정보', '', '', '0', '0', '', ''),
	('EquipmentStatus', '설비진행상태', 'KRCW-01EETC057', '상태정보', '', '', '0', '0', '', ''),
	('EquipmentStatus', '설비진행상태', 'KRCW-01EETC058', '상태정보', '', '', '0', '0', '', ''),
	('EquipmentStatus', '설비진행상태', 'KRCW-01EETC060', '상태정보', '', '', '0', '0', '', ''),
	('EquipmentStatus', '설비진행상태', 'KRCW-01EETC061', '상태정보', '', '', '0', '0', '', ''),
	('EquipmentStatus', '설비진행상태', 'KRCW-01EETC062', '상태정보', '', '', '0', '0', '', ''),
	('EquipmentStatus', '설비진행상태', 'KRCW-01EETC063', '상태정보', '', '', '0', '0', '', ''),
	('EquipmentStatus', '설비진행상태', 'KRCW-01EETC078', '상태정보', '', '', '0', '0', '', ''),
	('EquipmentStatus', '설비진행상태', 'KRCW-01EINM044', '상태정보', '', '', '0', '0', '', ''),
	('EquipmentStatus', '설비진행상태', 'KRCW-01EINM045', '상태정보', '', '', '0', '0', '', ''),
	('EquipmentStatus', '설비진행상태', 'KRCW-01EINM046', '상태정보', '', '', '0', '0', '', ''),
	('EquipmentStatus', '설비진행상태', 'KRCW-01EINM047', '상태정보', '', '', '0', '0', '', ''),
	('EquipmentStatus', '설비진행상태', 'KRCW-01EINM051', '상태정보', '', '', '0', '0', '', ''),
	('EquipmentStatus', '설비진행상태', 'KRCW-01EINM052', '상태정보', '', '', '0', '0', '', ''),
	('EquipmentStatus', '설비진행상태', 'KRCW-01EINM053', '상태정보', '', '', '0', '0', '', ''),
	('EquipmentStatus', '설비진행상태', 'KRCW-01EINM054', '상태정보', '', '', '0', '0', '', ''),
	('EquipmentStatus', '설비진행상태', 'KRCW-01EINM057', '상태정보', '', '', '0', '0', '', ''),
	('EquipmentStatus', '설비진행상태', 'KRCW-01EINM058', '상태정보', '', '', '0', '0', '', ''),
	('EquipmentStatus', '설비진행상태', 'KRCW-01EINM059', '상태정보', '', '', '0', '0', '', ''),
	('EquipmentStatus', '설비진행상태', 'KRCW-01EINM060', '상태정보', '', '', '0', '0', '', ''),
	('EquipmentStatus', '설비진행상태', 'KRCW-01EINM061', '상태정보', '', '', '0', '0', '', ''),
	('EquipmentStatus', '설비진행상태', 'KRCW-01EINP001', '상태정보', '', '', '0', '0', '', ''),
	('EquipmentStatus', '설비진행상태', 'KRCW-01EINP002', '상태정보', '', '', '0', '0', '', ''),
	('EquipmentStatus', '설비진행상태', 'KRCW-01ELAB005', '상태정보', '', '', '0', '0', '', ''),
	('EquipmentStatus', '설비진행상태', 'KRCW-01ELAB006', '상태정보', '', '', '0', '0', '', ''),
	('EquipmentStatus', '설비진행상태', 'KRCW-01ELAB007', '상태정보', '', '', '0', '0', '', ''),
	('EquipmentStatus', '설비진행상태', 'KRCW-01ELAB008', '상태정보', '', '', '0', '0', '', ''),
	('EquipmentStatus', '설비진행상태', 'KRCW-01ELAB009', '상태정보', '', '', '0', '0', '', ''),
	('EquipmentStatus', '설비진행상태', 'KRCW-01ELAM006', '상태정보', '', '', '0', '0', '', ''),
	('EquipmentStatus', '설비진행상태', 'KRCW-01ELAM007', '상태정보', '', '', '0', '0', '', ''),
	('EquipmentStatus', '설비진행상태', 'KRCW-01ELAM008', '상태정보', '', '', '0', '0', '', ''),
	('EquipmentStatus', '설비진행상태', 'KRCW-01ELAM009', '상태정보', '', '', '0', '0', '', ''),
	('EquipmentStatus', '설비진행상태', 'KRCW-01ELAM010', '상태정보', '', '', '0', '0', '', ''),
	('EquipmentStatus', '설비진행상태', 'KRCW-01ELAM011', '상태정보', '', '', '0', '0', '', ''),
	('EquipmentStatus', '설비진행상태', 'KRCW-01ELIF026', '상태정보', '', '', '0', '0', '', ''),
	('EquipmentStatus', '설비진행상태', 'KRCW-01ELIF027', '상태정보', '', '', '0', '0', '', ''),
	('EquipmentStatus', '설비진행상태', 'KRCW-01ELIF037', '상태정보', '', '', '0', '0', '', ''),
	('EquipmentStatus', '설비진행상태', 'KRCW-01ELOA016', '상태정보', '', '', '0', '0', '', ''),
	('EquipmentStatus', '설비진행상태', 'KRCW-01ELOM001', '상태정보', '', '', '0', '0', '', ''),
	('EquipmentStatus', '설비진행상태', 'KRCW-01ELOM002', '상태정보', '', '', '0', '0', '', ''),
	('EquipmentStatus', '설비진행상태', 'KRCW-01ELQI005', '상태정보', '', '', '0', '0', '', ''),
	('EquipmentStatus', '설비진행상태', 'KRCW-01EPAC001', '상태정보', '', '', '0', '0', '', ''),
	('EquipmentStatus', '설비진행상태', 'KRCW-01EPPB002', '상태정보', '', '', '0', '0', '', ''),
	('EquipmentStatus', '설비진행상태', 'KRCW-01EPPB003', '상태정보', '', '', '0', '0', '', ''),
	('EquipmentStatus', '설비진행상태', 'KRCW-01EPPB004', '상태정보', '', '', '0', '0', '', ''),
	('EquipmentStatus', '설비진행상태', 'KRCW-01EPPB005', '상태정보', '', '', '0', '0', '', ''),
	('EquipmentStatus', '설비진행상태', 'KRCW-01EPRF010', '상태정보', '', '', '0', '0', '', ''),
	('EquipmentStatus', '설비진행상태', 'KRCW-01EPRF011', '상태정보', '', '', '0', '0', '', ''),
	('EquipmentStatus', '설비진행상태', 'KRCW-01EPRF012', '상태정보', '', '', '0', '0', '', ''),
	('EquipmentStatus', '설비진행상태', 'KRCW-01EROB045', '상태정보', '', '', '0', '0', '', ''),
	('EquipmentStatus', '설비진행상태', 'KRCW-01EROB049', '상태정보', '', '', '0', '0', '', ''),
	('EquipmentStatus', '설비진행상태', 'KRCW-01EROB050', '상태정보', '', '', '0', '0', '', ''),
	('EquipmentStatus', '설비진행상태', 'KRCW-01EROB051', '상태정보', '', '', '0', '0', '', ''),
	('EquipmentStatus', '설비진행상태', 'KRCW-01EROB054', '상태정보', '', '', '0', '0', '', ''),
	('EquipmentStatus', '설비진행상태', 'KRCW-01EROB055', '상태정보', '', '', '0', '0', '', ''),
	('EquipmentStatus', '설비진행상태', 'KRCW-01EROB056', '상태정보', '', '', '0', '0', '', ''),
	('EquipmentStatus', '설비진행상태', 'KRCW-01EROB063', '상태정보', '', '', '0', '0', '', ''),
	('EquipmentStatus', '설비진행상태', 'KRCW-01EROB064', '상태정보', '', '', '0', '0', '', ''),
	('EquipmentStatus', '설비진행상태', 'KRCW-01EROB065', '상태정보', '', '', '0', '0', '', ''),
	('EquipmentStatus', '설비진행상태', 'KRCW-01EROB067', '상태정보', '', '', '0', '0', '', ''),
	('EquipmentStatus', '설비진행상태', 'KRCW-01EROB068', '상태정보', '', '', '0', '0', '', ''),
	('EquipmentStatus', '설비진행상태', 'KRCW-01EROB070', '상태정보', '', '', '0', '0', '', ''),
	('EquipmentStatus', '설비진행상태', 'KRCW-01EROB071', '상태정보', '', '', '0', '0', '', ''),
	('EquipmentStatus', '설비진행상태', 'KRCW-01EROB072', '상태정보', '', '', '0', '0', '', ''),
	('EquipmentStatus', '설비진행상태', 'KRCW-01EROB073', '상태정보', '', '', '0', '0', '', ''),
	('EquipmentStatus', '설비진행상태', 'KRCW-01EROB074', '상태정보', '', '', '0', '0', '', ''),
	('EquipmentStatus', '설비진행상태', 'KRCW-01EROB075', '상태정보', '', '', '0', '0', '', ''),
	('EquipmentStatus', '설비진행상태', 'KRCW-01EROB076', '상태정보', '', '', '0', '0', '', ''),
	('EquipmentStatus', '설비진행상태', 'KRCW-01EROM001', '상태정보', '', '', '0', '0', '', ''),
	('EquipmentStatus', '설비진행상태', 'KRCW-01EROM002', '상태정보', '', '', '0', '0', '', ''),
	('EquipmentStatus', '설비진행상태', 'KRCW-01ESUM006', '상태정보', '', '', '0', '0', '', ''),
	('EquipmentStatus', '설비진행상태', 'KRCW-01ESUU001', '상태정보', '', '', '0', '0', '', ''),
	('EquipmentStatus', '설비진행상태', 'KRCW-01ESUU002', '상태정보', '', '', '0', '0', '', ''),
	('EquipmentStatus', '설비진행상태', 'KRCW-01ESUU003', '상태정보', '', '', '0', '0', '', ''),
	('EquipmentStatus', '설비진행상태', 'KRCW-01ESUU004', '상태정보', '', '', '0', '0', '', ''),
	('EquipmentStatus', '설비진행상태', 'KRCW-01ESUU005', '상태정보', '', '', '0', '0', '', ''),
	('EquipmentStatus', '설비진행상태', 'KRCW-01ETAA001', '상태정보', '', '', '0', '0', '', ''),
	('EquipmentStatus', '설비진행상태', 'KRCW-01ETHT006', '상태정보', '', '', '0', '0', '', ''),
	('EquipmentStatus', '설비진행상태', 'KRCW-01ETHT007', '상태정보', '', '', '0', '0', '', ''),
	('EquipmentStatus', '설비진행상태', 'KRCW-01EWEM013', '상태정보', '', '', '0', '0', '', ''),
	('EquipmentStatus', '설비진행상태', 'KRCW-01EWEM015', '상태정보', '', '', '0', '0', '', ''),
	('EquipmentStatus', '설비진행상태', 'KRCW-01EWEM016', '상태정보', '', '', '0', '0', '', ''),
	('EquipmentStatus', '설비진행상태', 'KRCW-01EWEM020', '상태정보', '', '', '0', '0', '', ''),
	('EquipmentStatus', '설비진행상태', 'KRCW-01EWEM021', '상태정보', '', '', '0', '0', '', ''),
	('EquipmentStatus', '설비진행상태', 'KRCW-01EWEM022', '상태정보', '', '', '0', '0', '', ''),
	('EquipmentStatus', '설비진행상태', 'KRCW-01EWEM023', '상태정보', '', '', '0', '0', '', ''),
	('EquipmentStatus', '설비진행상태', 'KRCW-02ER1A001', '상태정보', '', '', '0', '0', '', ''),
	('EquipmentStatus', '설비진행상태', 'KRCW-02ER1B001', '상태정보', '', '', '0', '0', '', ''),
	('EquipmentStatus', '설비진행상태', 'KRCW-02ER1C001', '상태정보', '', '', '0', '0', '', ''),
	('EquipmentStartDateTime', '설비작업시작일시', 'KRCW-01EATT018', '작업시간정보', '', 'Second', '0', '15', '', ''),
	('EquipmentStartDateTime', '설비작업시작일시', 'KRCW-01EATT019', '작업시간정보', '', 'Second', '0', '17', '', ''),
	('EquipmentStartDateTime', '설비작업시작일시', 'KRCW-01EATT020', '작업시간정보', '', 'Second', '0', '12', '', ''),
	('EquipmentStartDateTime', '설비작업시작일시', 'KRCW-01EATT021', '작업시간정보', '', 'Second', '0', '19', '', ''),
	('EquipmentStartDateTime', '설비작업시작일시', 'KRCW-01ECEM001', '작업시간정보', '', 'Second', '0', '23', '', ''),
	('EquipmentStartDateTime', '설비작업시작일시', 'KRCW-01ECEM002', '작업시간정보', '', 'Second', '0', '27', '', ''),
	('EquipmentStartDateTime', '설비작업시작일시', 'KRCW-01ECEM003', '작업시간정보', '', 'Second', '0', '15', '', ''),
	('EquipmentStartDateTime', '설비작업시작일시', 'KRCW-01ECON027', '작업시간정보', '', 'Second', '0', '16', '', ''),
	('EquipmentStartDateTime', '설비작업시작일시', 'KRCW-01ECON028', '작업시간정보', '', 'Second', '0', '16', '', ''),
	('EquipmentStartDateTime', '설비작업시작일시', 'KRCW-01ECON029', '작업시간정보', '', 'Second', '0', '16', '', ''),
	('EquipmentStartDateTime', '설비작업시작일시', 'KRCW-01EETC025', '작업시간정보', '', 'Second', '0', '16', '', ''),
	('EquipmentStartDateTime', '설비작업시작일시', 'KRCW-01EETC026', '작업시간정보', '', 'Second', '0', '15', '', ''),
	('EquipmentStartDateTime', '설비작업시작일시', 'KRCW-01EETC027', '작업시간정보', '', 'Second', '0', '16', '', ''),
	('EquipmentStartDateTime', '설비작업시작일시', 'KRCW-01EETC028', '작업시간정보', '', 'Second', '0', '16', '', ''),
	('EquipmentStartDateTime', '설비작업시작일시', 'KRCW-01EETC029', '작업시간정보', '', 'Second', '0', '16', '', ''),
	('EquipmentStartDateTime', '설비작업시작일시', 'KRCW-01EETC030', '작업시간정보', '', 'Second', '0', '16', '', ''),
	('EquipmentStartDateTime', '설비작업시작일시', 'KRCW-01EETC031', '작업시간정보', '', 'Second', '0', '16', '', ''),
	('EquipmentStartDateTime', '설비작업시작일시', 'KRCW-01EETC032', '작업시간정보', '', 'Second', '0', '15', '', ''),
	('EquipmentStartDateTime', '설비작업시작일시', 'KRCW-01EETC033', '작업시간정보', '', 'Second', '0', '15', '', ''),
	('EquipmentStartDateTime', '설비작업시작일시', 'KRCW-01EETC034', '작업시간정보', '', 'Second', '0', '14', '', ''),
	('EquipmentStartDateTime', '설비작업시작일시', 'KRCW-01EETC035', '작업시간정보', '', 'Second', '0', '8', '', ''),
	('EquipmentStartDateTime', '설비작업시작일시', 'KRCW-01EETC040', '작업시간정보', '', 'Second', '0', '56', '', ''),
	('EquipmentStartDateTime', '설비작업시작일시', 'KRCW-01EETC041', '작업시간정보', '', 'Second', '0', '15', '', ''),
	('EquipmentStartDateTime', '설비작업시작일시', 'KRCW-01EETC042', '작업시간정보', '', 'Second', '0', '10', '', ''),
	('EquipmentStartDateTime', '설비작업시작일시', 'KRCW-01EETC043', '작업시간정보', '', 'Second', '0', '11', '', ''),
	('EquipmentStartDateTime', '설비작업시작일시', 'KRCW-01EETC044', '작업시간정보', '', 'Second', '0', '7', '', ''),
	('EquipmentStartDateTime', '설비작업시작일시', 'KRCW-01EETC045', '작업시간정보', '', 'Second', '0', '9', '', ''),
	('EquipmentStartDateTime', '설비작업시작일시', 'KRCW-01EETC046', '작업시간정보', '', 'Second', '0', '8', '', ''),
	('EquipmentStartDateTime', '설비작업시작일시', 'KRCW-01EETC048', '작업시간정보', '', 'Second', '0', '13', '', ''),
	('EquipmentStartDateTime', '설비작업시작일시', 'KRCW-01EETC050', '작업시간정보', '', 'Second', '0', '18', '', ''),
	('EquipmentStartDateTime', '설비작업시작일시', 'KRCW-01EETC051', '작업시간정보', '', 'Second', '0', '6', '', ''),
	('EquipmentStartDateTime', '설비작업시작일시', 'KRCW-01EETC057', '작업시간정보', '', 'Second', '0', '9', '', ''),
	('EquipmentStartDateTime', '설비작업시작일시', 'KRCW-01EETC058', '작업시간정보', '', 'Second', '0', '14', '', ''),
	('EquipmentStartDateTime', '설비작업시작일시', 'KRCW-01EETC060', '작업시간정보', '', 'Second', '0', '170', '', ''),
	('EquipmentStartDateTime', '설비작업시작일시', 'KRCW-01EETC061', '작업시간정보', '', 'Second', '0', '1', '', ''),
	('EquipmentStartDateTime', '설비작업시작일시', 'KRCW-01EETC062', '작업시간정보', '', 'Second', '0', '5', '', ''),
	('EquipmentStartDateTime', '설비작업시작일시', 'KRCW-01EETC063', '작업시간정보', '', 'Second', '0', '12', '', ''),
	('EquipmentStartDateTime', '설비작업시작일시', 'KRCW-01EETC078', '작업시간정보', '', 'Second', '0', '6', '', ''),
	('EquipmentStartDateTime', '설비작업시작일시', 'KRCW-01EINM044', '작업시간정보', '', 'Second', '0', '17', '', ''),
	('EquipmentStartDateTime', '설비작업시작일시', 'KRCW-01EINM045', '작업시간정보', '', 'Second', '0', '10', '', ''),
	('EquipmentStartDateTime', '설비작업시작일시', 'KRCW-01EINM046', '작업시간정보', '', 'Second', '0', '12', '', ''),
	('EquipmentStartDateTime', '설비작업시작일시', 'KRCW-01EINM047', '작업시간정보', '', 'Second', '0', '8', '', ''),
	('EquipmentStartDateTime', '설비작업시작일시', 'KRCW-01EINM051', '작업시간정보', '', 'Second', '0', '126', '', ''),
	('EquipmentStartDateTime', '설비작업시작일시', 'KRCW-01EINM052', '작업시간정보', '', 'Second', '0', '12', '', ''),
	('EquipmentStartDateTime', '설비작업시작일시', 'KRCW-01EINM053', '작업시간정보', '', 'Second', '0', '12', '', ''),
	('EquipmentStartDateTime', '설비작업시작일시', 'KRCW-01EINM054', '작업시간정보', '', 'Second', '0', '11', '', ''),
	('EquipmentStartDateTime', '설비작업시작일시', 'KRCW-01EINM057', '작업시간정보', '', 'Second', '0', '9', '', ''),
	('EquipmentStartDateTime', '설비작업시작일시', 'KRCW-01EINM058', '작업시간정보', '', 'Second', '0', '9', '', ''),
	('EquipmentStartDateTime', '설비작업시작일시', 'KRCW-01EINM059', '작업시간정보', '', 'Second', '0', '9', '', ''),
	('EquipmentStartDateTime', '설비작업시작일시', 'KRCW-01EINM060', '작업시간정보', '', 'Second', '0', '9', '', ''),
	('EquipmentStartDateTime', '설비작업시작일시', 'KRCW-01EINM061', '작업시간정보', '', 'Second', '0', '8', '', ''),
	('EquipmentStartDateTime', '설비작업시작일시', 'KRCW-01EINP001', '작업시간정보', '', 'Second', '0', '36', '', ''),
	('EquipmentStartDateTime', '설비작업시작일시', 'KRCW-01EINP002', '작업시간정보', '', 'Second', '0', '39', '', ''),
	('EquipmentStartDateTime', '설비작업시작일시', 'KRCW-01ELAB005', '작업시간정보', '', 'Second', '0', '16', '', ''),
	('EquipmentStartDateTime', '설비작업시작일시', 'KRCW-01ELAB006', '작업시간정보', '', 'Second', '0', '6', '', ''),
	('EquipmentStartDateTime', '설비작업시작일시', 'KRCW-01ELAB007', '작업시간정보', '', 'Second', '0', '6', '', ''),
	('EquipmentStartDateTime', '설비작업시작일시', 'KRCW-01ELAB008', '작업시간정보', '', 'Second', '0', '3', '', ''),
	('EquipmentStartDateTime', '설비작업시작일시', 'KRCW-01ELAB009', '작업시간정보', '', 'Second', '0', '12', '', ''),
	('EquipmentStartDateTime', '설비작업시작일시', 'KRCW-01ELAM006', '작업시간정보', '', 'Second', '0', '1262', '', ''),
	('EquipmentStartDateTime', '설비작업시작일시', 'KRCW-01ELAM007', '작업시간정보', '', 'Second', '0', '4', '', ''),
	('EquipmentStartDateTime', '설비작업시작일시', 'KRCW-01ELAM008', '작업시간정보', '', 'Second', '0', '2', '', ''),
	('EquipmentStartDateTime', '설비작업시작일시', 'KRCW-01ELAM009', '작업시간정보', '', 'Second', '0', '2', '', ''),
	('EquipmentStartDateTime', '설비작업시작일시', 'KRCW-01ELAM010', '작업시간정보', '', 'Second', '0', '5', '', ''),
	('EquipmentStartDateTime', '설비작업시작일시', 'KRCW-01ELAM011', '작업시간정보', '', 'Second', '0', '8', '', ''),
	('EquipmentStartDateTime', '설비작업시작일시', 'KRCW-01ELIF026', '작업시간정보', '', 'Second', '0', '17', '', ''),
	('EquipmentStartDateTime', '설비작업시작일시', 'KRCW-01ELIF027', '작업시간정보', '', 'Second', '0', '65', '', ''),
	('EquipmentStartDateTime', '설비작업시작일시', 'KRCW-01ELIF037', '작업시간정보', '', 'Second', '0', '17', '', ''),
	('EquipmentStartDateTime', '설비작업시작일시', 'KRCW-01ELOA016', '작업시간정보', '', 'Second', '0', '12', '', ''),
	('EquipmentStartDateTime', '설비작업시작일시', 'KRCW-01ELOM001', '작업시간정보', '', 'Second', '0', '13', '', ''),
	('EquipmentStartDateTime', '설비작업시작일시', 'KRCW-01ELOM002', '작업시간정보', '', 'Second', '0', '15', '', ''),
	('EquipmentStartDateTime', '설비작업시작일시', 'KRCW-01ELQI005', '작업시간정보', '', 'Second', '0', '16', '', ''),
	('EquipmentStartDateTime', '설비작업시작일시', 'KRCW-01EPAC001', '작업시간정보', '', 'Second', '0', '42', '', ''),
	('EquipmentStartDateTime', '설비작업시작일시', 'KRCW-01EPPB002', '작업시간정보', '', 'Second', '0', '8', '', ''),
	('EquipmentStartDateTime', '설비작업시작일시', 'KRCW-01EPPB003', '작업시간정보', '', 'Second', '0', '10', '', ''),
	('EquipmentStartDateTime', '설비작업시작일시', 'KRCW-01EPPB004', '작업시간정보', '', 'Second', '0', '8', '', ''),
	('EquipmentStartDateTime', '설비작업시작일시', 'KRCW-01EPPB005', '작업시간정보', '', 'Second', '0', '6', '', ''),
	('EquipmentStartDateTime', '설비작업시작일시', 'KRCW-01EPRF010', '작업시간정보', '', 'Second', '0', '15', '', ''),
	('EquipmentStartDateTime', '설비작업시작일시', 'KRCW-01EPRF011', '작업시간정보', '', 'Second', '0', '16', '', ''),
	('EquipmentStartDateTime', '설비작업시작일시', 'KRCW-01EPRF012', '작업시간정보', '', 'Second', '0', '16', '', ''),
	('EquipmentStartDateTime', '설비작업시작일시', 'KRCW-01EROB045', '작업시간정보', '', 'Second', '0', '16', '', ''),
	('EquipmentStartDateTime', '설비작업시작일시', 'KRCW-01EROB049', '작업시간정보', '', 'Second', '0', '8', '', ''),
	('EquipmentStartDateTime', '설비작업시작일시', 'KRCW-01EROB050', '작업시간정보', '', 'Second', '0', '8', '', ''),
	('EquipmentStartDateTime', '설비작업시작일시', 'KRCW-01EROB051', '작업시간정보', '', 'Second', '0', '7', '', ''),
	('EquipmentStartDateTime', '설비작업시작일시', 'KRCW-01EROB054', '작업시간정보', '', 'Second', '0', '12', '', ''),
	('EquipmentStartDateTime', '설비작업시작일시', 'KRCW-01EROB055', '작업시간정보', '', 'Second', '0', '25', '', ''),
	('EquipmentStartDateTime', '설비작업시작일시', 'KRCW-01EROB056', '작업시간정보', '', 'Second', '0', '19', '', ''),
	('EquipmentStartDateTime', '설비작업시작일시', 'KRCW-01EROB063', '작업시간정보', '', 'Second', '0', '30', '', ''),
	('EquipmentStartDateTime', '설비작업시작일시', 'KRCW-01EROB064', '작업시간정보', '', 'Second', '0', '23', '', ''),
	('EquipmentStartDateTime', '설비작업시작일시', 'KRCW-01EROB065', '작업시간정보', '', 'Second', '0', '6', '', ''),
	('EquipmentStartDateTime', '설비작업시작일시', 'KRCW-01EROB067', '작업시간정보', '', 'Second', '0', '33', '', ''),
	('EquipmentStartDateTime', '설비작업시작일시', 'KRCW-01EROB068', '작업시간정보', '', 'Second', '0', '31', '', ''),
	('EquipmentStartDateTime', '설비작업시작일시', 'KRCW-01EROB070', '작업시간정보', '', 'Second', '0', '31', '', ''),
	('EquipmentStartDateTime', '설비작업시작일시', 'KRCW-01EROB071', '작업시간정보', '', 'Second', '0', '12', '', ''),
	('EquipmentStartDateTime', '설비작업시작일시', 'KRCW-01EROB072', '작업시간정보', '', 'Second', '0', '10', '', ''),
	('EquipmentStartDateTime', '설비작업시작일시', 'KRCW-01EROB073', '작업시간정보', '', 'Second', '0', '12', '', ''),
	('EquipmentStartDateTime', '설비작업시작일시', 'KRCW-01EROB074', '작업시간정보', '', 'Second', '0', '11', '', ''),
	('EquipmentStartDateTime', '설비작업시작일시', 'KRCW-01EROB075', '작업시간정보', '', 'Second', '0', '2', '', ''),
	('EquipmentStartDateTime', '설비작업시작일시', 'KRCW-01EROB076', '작업시간정보', '', 'Second', '0', '14', '', ''),
	('EquipmentStartDateTime', '설비작업시작일시', 'KRCW-01EROM001', '작업시간정보', '', 'Second', '0', '11', '', ''),
	('EquipmentStartDateTime', '설비작업시작일시', 'KRCW-01EROM002', '작업시간정보', '', 'Second', '0', '20', '', ''),
	('EquipmentStartDateTime', '설비작업시작일시', 'KRCW-01ESUM006', '작업시간정보', '', 'Second', '0', '10', '', ''),
	('EquipmentStartDateTime', '설비작업시작일시', 'KRCW-01ESUU001', '작업시간정보', '', 'Second', '0', '16', '', ''),
	('EquipmentStartDateTime', '설비작업시작일시', 'KRCW-01ESUU002', '작업시간정보', '', 'Second', '0', '17', '', ''),
	('EquipmentStartDateTime', '설비작업시작일시', 'KRCW-01ESUU003', '작업시간정보', '', 'Second', '0', '18', '', ''),
	('EquipmentStartDateTime', '설비작업시작일시', 'KRCW-01ESUU004', '작업시간정보', '', 'Second', '0', '28', '', ''),
	('EquipmentStartDateTime', '설비작업시작일시', 'KRCW-01ESUU005', '작업시간정보', '', 'Second', '0', '27', '', ''),
	('EquipmentStartDateTime', '설비작업시작일시', 'KRCW-01ETAA001', '작업시간정보', '', 'Second', '0', '17', '', ''),
	('EquipmentStartDateTime', '설비작업시작일시', 'KRCW-01ETHT006', '작업시간정보', '', 'Second', '0', '10', '', ''),
	('EquipmentStartDateTime', '설비작업시작일시', 'KRCW-01ETHT007', '작업시간정보', '', 'Second', '0', '13', '', ''),
	('EquipmentStartDateTime', '설비작업시작일시', 'KRCW-01EWEM013', '작업시간정보', '', 'Second', '0', '16', '', ''),
	('EquipmentStartDateTime', '설비작업시작일시', 'KRCW-01EWEM015', '작업시간정보', '', 'Second', '0', '15', '', ''),
	('EquipmentStartDateTime', '설비작업시작일시', 'KRCW-01EWEM016', '작업시간정보', '', 'Second', '0', '16', '', ''),
	('EquipmentStartDateTime', '설비작업시작일시', 'KRCW-01EWEM020', '작업시간정보', '', 'Second', '0', '16', '', ''),
	('EquipmentStartDateTime', '설비작업시작일시', 'KRCW-01EWEM021', '작업시간정보', '', 'Second', '0', '15', '', ''),
	('EquipmentStartDateTime', '설비작업시작일시', 'KRCW-01EWEM022', '작업시간정보', '', 'Second', '0', '15', '', ''),
	('EquipmentStartDateTime', '설비작업시작일시', 'KRCW-01EWEM023', '작업시간정보', '', 'Second', '0', '19', '', ''),
	('EquipmentStartDateTime', '설비작업시작일시', 'KRCW-02ER1A001', '작업시간정보', '', 'Second', '0', '13', '', ''),
	('EquipmentStartDateTime', '설비작업시작일시', 'KRCW-02ER1B001', '작업시간정보', '', 'Second', '0', '13', '', ''),
	('EquipmentStartDateTime', '설비작업시작일시', 'KRCW-02ER1C001', '작업시간정보', '', 'Second', '0', '13', '', ''),
	('EquipmentEndDateTime', '설비작업종료일시', 'KRCW-01EATT018', '작업시간정보', '', 'Second', '0', '15', '', ''),
	('EquipmentEndDateTime', '설비작업종료일시', 'KRCW-01EATT019', '작업시간정보', '', 'Second', '0', '17', '', ''),
	('EquipmentEndDateTime', '설비작업종료일시', 'KRCW-01EATT020', '작업시간정보', '', 'Second', '0', '12', '', ''),
	('EquipmentEndDateTime', '설비작업종료일시', 'KRCW-01EATT021', '작업시간정보', '', 'Second', '0', '19', '', ''),
	('EquipmentEndDateTime', '설비작업종료일시', 'KRCW-01ECEM001', '작업시간정보', '', 'Second', '0', '23', '', ''),
	('EquipmentEndDateTime', '설비작업종료일시', 'KRCW-01ECEM002', '작업시간정보', '', 'Second', '0', '27', '', ''),
	('EquipmentEndDateTime', '설비작업종료일시', 'KRCW-01ECEM003', '작업시간정보', '', 'Second', '0', '15', '', ''),
	('EquipmentEndDateTime', '설비작업종료일시', 'KRCW-01ECON027', '작업시간정보', '', 'Second', '0', '16', '', ''),
	('EquipmentEndDateTime', '설비작업종료일시', 'KRCW-01ECON028', '작업시간정보', '', 'Second', '0', '16', '', ''),
	('EquipmentEndDateTime', '설비작업종료일시', 'KRCW-01ECON029', '작업시간정보', '', 'Second', '0', '16', '', ''),
	('EquipmentEndDateTime', '설비작업종료일시', 'KRCW-01EETC025', '작업시간정보', '', 'Second', '0', '16', '', ''),
	('EquipmentEndDateTime', '설비작업종료일시', 'KRCW-01EETC026', '작업시간정보', '', 'Second', '0', '15', '', ''),
	('EquipmentEndDateTime', '설비작업종료일시', 'KRCW-01EETC027', '작업시간정보', '', 'Second', '0', '16', '', ''),
	('EquipmentEndDateTime', '설비작업종료일시', 'KRCW-01EETC028', '작업시간정보', '', 'Second', '0', '16', '', ''),
	('EquipmentEndDateTime', '설비작업종료일시', 'KRCW-01EETC029', '작업시간정보', '', 'Second', '0', '16', '', ''),
	('EquipmentEndDateTime', '설비작업종료일시', 'KRCW-01EETC030', '작업시간정보', '', 'Second', '0', '16', '', ''),
	('EquipmentEndDateTime', '설비작업종료일시', 'KRCW-01EETC031', '작업시간정보', '', 'Second', '0', '16', '', ''),
	('EquipmentEndDateTime', '설비작업종료일시', 'KRCW-01EETC032', '작업시간정보', '', 'Second', '0', '15', '', ''),
	('EquipmentEndDateTime', '설비작업종료일시', 'KRCW-01EETC033', '작업시간정보', '', 'Second', '0', '15', '', ''),
	('EquipmentEndDateTime', '설비작업종료일시', 'KRCW-01EETC034', '작업시간정보', '', 'Second', '0', '14', '', ''),
	('EquipmentEndDateTime', '설비작업종료일시', 'KRCW-01EETC035', '작업시간정보', '', 'Second', '0', '8', '', ''),
	('EquipmentEndDateTime', '설비작업종료일시', 'KRCW-01EETC040', '작업시간정보', '', 'Second', '0', '56', '', ''),
	('EquipmentEndDateTime', '설비작업종료일시', 'KRCW-01EETC041', '작업시간정보', '', 'Second', '0', '15', '', ''),
	('EquipmentEndDateTime', '설비작업종료일시', 'KRCW-01EETC042', '작업시간정보', '', 'Second', '0', '10', '', ''),
	('EquipmentEndDateTime', '설비작업종료일시', 'KRCW-01EETC043', '작업시간정보', '', 'Second', '0', '11', '', ''),
	('EquipmentEndDateTime', '설비작업종료일시', 'KRCW-01EETC044', '작업시간정보', '', 'Second', '0', '7', '', ''),
	('EquipmentEndDateTime', '설비작업종료일시', 'KRCW-01EETC045', '작업시간정보', '', 'Second', '0', '9', '', ''),
	('EquipmentEndDateTime', '설비작업종료일시', 'KRCW-01EETC046', '작업시간정보', '', 'Second', '0', '8', '', ''),
	('EquipmentEndDateTime', '설비작업종료일시', 'KRCW-01EETC048', '작업시간정보', '', 'Second', '0', '13', '', ''),
	('EquipmentEndDateTime', '설비작업종료일시', 'KRCW-01EETC050', '작업시간정보', '', 'Second', '0', '18', '', ''),
	('EquipmentEndDateTime', '설비작업종료일시', 'KRCW-01EETC051', '작업시간정보', '', 'Second', '0', '6', '', ''),
	('EquipmentEndDateTime', '설비작업종료일시', 'KRCW-01EETC057', '작업시간정보', '', 'Second', '0', '9', '', ''),
	('EquipmentEndDateTime', '설비작업종료일시', 'KRCW-01EETC058', '작업시간정보', '', 'Second', '0', '14', '', ''),
	('EquipmentEndDateTime', '설비작업종료일시', 'KRCW-01EETC060', '작업시간정보', '', 'Second', '0', '170', '', ''),
	('EquipmentEndDateTime', '설비작업종료일시', 'KRCW-01EETC061', '작업시간정보', '', 'Second', '0', '1', '', ''),
	('EquipmentEndDateTime', '설비작업종료일시', 'KRCW-01EETC062', '작업시간정보', '', 'Second', '0', '5', '', ''),
	('EquipmentEndDateTime', '설비작업종료일시', 'KRCW-01EETC063', '작업시간정보', '', 'Second', '0', '12', '', ''),
	('EquipmentEndDateTime', '설비작업종료일시', 'KRCW-01EETC078', '작업시간정보', '', 'Second', '0', '6', '', ''),
	('EquipmentEndDateTime', '설비작업종료일시', 'KRCW-01EINM044', '작업시간정보', '', 'Second', '0', '17', '', ''),
	('EquipmentEndDateTime', '설비작업종료일시', 'KRCW-01EINM045', '작업시간정보', '', 'Second', '0', '10', '', ''),
	('EquipmentEndDateTime', '설비작업종료일시', 'KRCW-01EINM046', '작업시간정보', '', 'Second', '0', '12', '', ''),
	('EquipmentEndDateTime', '설비작업종료일시', 'KRCW-01EINM047', '작업시간정보', '', 'Second', '0', '8', '', ''),
	('EquipmentEndDateTime', '설비작업종료일시', 'KRCW-01EINM051', '작업시간정보', '', 'Second', '0', '126', '', ''),
	('EquipmentEndDateTime', '설비작업종료일시', 'KRCW-01EINM052', '작업시간정보', '', 'Second', '0', '12', '', ''),
	('EquipmentEndDateTime', '설비작업종료일시', 'KRCW-01EINM053', '작업시간정보', '', 'Second', '0', '12', '', ''),
	('EquipmentEndDateTime', '설비작업종료일시', 'KRCW-01EINM054', '작업시간정보', '', 'Second', '0', '11', '', ''),
	('EquipmentEndDateTime', '설비작업종료일시', 'KRCW-01EINM057', '작업시간정보', '', 'Second', '0', '9', '', ''),
	('EquipmentEndDateTime', '설비작업종료일시', 'KRCW-01EINM058', '작업시간정보', '', 'Second', '0', '9', '', ''),
	('EquipmentEndDateTime', '설비작업종료일시', 'KRCW-01EINM059', '작업시간정보', '', 'Second', '0', '9', '', ''),
	('EquipmentEndDateTime', '설비작업종료일시', 'KRCW-01EINM060', '작업시간정보', '', 'Second', '0', '9', '', ''),
	('EquipmentEndDateTime', '설비작업종료일시', 'KRCW-01EINM061', '작업시간정보', '', 'Second', '0', '8', '', ''),
	('EquipmentEndDateTime', '설비작업종료일시', 'KRCW-01EINP001', '작업시간정보', '', 'Second', '0', '36', '', ''),
	('EquipmentEndDateTime', '설비작업종료일시', 'KRCW-01EINP002', '작업시간정보', '', 'Second', '0', '39', '', ''),
	('EquipmentEndDateTime', '설비작업종료일시', 'KRCW-01ELAB005', '작업시간정보', '', 'Second', '0', '16', '', ''),
	('EquipmentEndDateTime', '설비작업종료일시', 'KRCW-01ELAB006', '작업시간정보', '', 'Second', '0', '6', '', ''),
	('EquipmentEndDateTime', '설비작업종료일시', 'KRCW-01ELAB007', '작업시간정보', '', 'Second', '0', '6', '', ''),
	('EquipmentEndDateTime', '설비작업종료일시', 'KRCW-01ELAB008', '작업시간정보', '', 'Second', '0', '3', '', ''),
	('EquipmentEndDateTime', '설비작업종료일시', 'KRCW-01ELAB009', '작업시간정보', '', 'Second', '0', '12', '', ''),
	('EquipmentEndDateTime', '설비작업종료일시', 'KRCW-01ELAM006', '작업시간정보', '', 'Second', '0', '1262', '', ''),
	('EquipmentEndDateTime', '설비작업종료일시', 'KRCW-01ELAM007', '작업시간정보', '', 'Second', '0', '4', '', ''),
	('EquipmentEndDateTime', '설비작업종료일시', 'KRCW-01ELAM008', '작업시간정보', '', 'Second', '0', '2', '', ''),
	('EquipmentEndDateTime', '설비작업종료일시', 'KRCW-01ELAM009', '작업시간정보', '', 'Second', '0', '2', '', ''),
	('EquipmentEndDateTime', '설비작업종료일시', 'KRCW-01ELAM010', '작업시간정보', '', 'Second', '0', '5', '', ''),
	('EquipmentEndDateTime', '설비작업종료일시', 'KRCW-01ELAM011', '작업시간정보', '', 'Second', '0', '8', '', ''),
	('EquipmentEndDateTime', '설비작업종료일시', 'KRCW-01ELIF026', '작업시간정보', '', 'Second', '0', '17', '', ''),
	('EquipmentEndDateTime', '설비작업종료일시', 'KRCW-01ELIF027', '작업시간정보', '', 'Second', '0', '65', '', ''),
	('EquipmentEndDateTime', '설비작업종료일시', 'KRCW-01ELIF037', '작업시간정보', '', 'Second', '0', '17', '', ''),
	('EquipmentEndDateTime', '설비작업종료일시', 'KRCW-01ELOA016', '작업시간정보', '', 'Second', '0', '12', '', ''),
	('EquipmentEndDateTime', '설비작업종료일시', 'KRCW-01ELOM001', '작업시간정보', '', 'Second', '0', '13', '', ''),
	('EquipmentEndDateTime', '설비작업종료일시', 'KRCW-01ELOM002', '작업시간정보', '', 'Second', '0', '15', '', ''),
	('EquipmentEndDateTime', '설비작업종료일시', 'KRCW-01ELQI005', '작업시간정보', '', 'Second', '0', '16', '', ''),
	('EquipmentEndDateTime', '설비작업종료일시', 'KRCW-01EPAC001', '작업시간정보', '', 'Second', '0', '42', '', ''),
	('EquipmentEndDateTime', '설비작업종료일시', 'KRCW-01EPPB002', '작업시간정보', '', 'Second', '0', '8', '', ''),
	('EquipmentEndDateTime', '설비작업종료일시', 'KRCW-01EPPB003', '작업시간정보', '', 'Second', '0', '10', '', ''),
	('EquipmentEndDateTime', '설비작업종료일시', 'KRCW-01EPPB004', '작업시간정보', '', 'Second', '0', '8', '', ''),
	('EquipmentEndDateTime', '설비작업종료일시', 'KRCW-01EPPB005', '작업시간정보', '', 'Second', '0', '6', '', ''),
	('EquipmentEndDateTime', '설비작업종료일시', 'KRCW-01EPRF010', '작업시간정보', '', 'Second', '0', '15', '', ''),
	('EquipmentEndDateTime', '설비작업종료일시', 'KRCW-01EPRF011', '작업시간정보', '', 'Second', '0', '16', '', ''),
	('EquipmentEndDateTime', '설비작업종료일시', 'KRCW-01EPRF012', '작업시간정보', '', 'Second', '0', '16', '', ''),
	('EquipmentEndDateTime', '설비작업종료일시', 'KRCW-01EROB045', '작업시간정보', '', 'Second', '0', '16', '', ''),
	('EquipmentEndDateTime', '설비작업종료일시', 'KRCW-01EROB049', '작업시간정보', '', 'Second', '0', '8', '', ''),
	('EquipmentEndDateTime', '설비작업종료일시', 'KRCW-01EROB050', '작업시간정보', '', 'Second', '0', '8', '', ''),
	('EquipmentEndDateTime', '설비작업종료일시', 'KRCW-01EROB051', '작업시간정보', '', 'Second', '0', '7', '', ''),
	('EquipmentEndDateTime', '설비작업종료일시', 'KRCW-01EROB054', '작업시간정보', '', 'Second', '0', '12', '', ''),
	('EquipmentEndDateTime', '설비작업종료일시', 'KRCW-01EROB055', '작업시간정보', '', 'Second', '0', '25', '', ''),
	('EquipmentEndDateTime', '설비작업종료일시', 'KRCW-01EROB056', '작업시간정보', '', 'Second', '0', '19', '', ''),
	('EquipmentEndDateTime', '설비작업종료일시', 'KRCW-01EROB063', '작업시간정보', '', 'Second', '0', '30', '', ''),
	('EquipmentEndDateTime', '설비작업종료일시', 'KRCW-01EROB064', '작업시간정보', '', 'Second', '0', '23', '', ''),
	('EquipmentEndDateTime', '설비작업종료일시', 'KRCW-01EROB065', '작업시간정보', '', 'Second', '0', '6', '', ''),
	('EquipmentEndDateTime', '설비작업종료일시', 'KRCW-01EROB067', '작업시간정보', '', 'Second', '0', '33', '', ''),
	('EquipmentEndDateTime', '설비작업종료일시', 'KRCW-01EROB068', '작업시간정보', '', 'Second', '0', '31', '', ''),
	('EquipmentEndDateTime', '설비작업종료일시', 'KRCW-01EROB070', '작업시간정보', '', 'Second', '0', '31', '', ''),
	('EquipmentEndDateTime', '설비작업종료일시', 'KRCW-01EROB071', '작업시간정보', '', 'Second', '0', '12', '', ''),
	('EquipmentEndDateTime', '설비작업종료일시', 'KRCW-01EROB072', '작업시간정보', '', 'Second', '0', '10', '', ''),
	('EquipmentEndDateTime', '설비작업종료일시', 'KRCW-01EROB073', '작업시간정보', '', 'Second', '0', '12', '', ''),
	('EquipmentEndDateTime', '설비작업종료일시', 'KRCW-01EROB074', '작업시간정보', '', 'Second', '0', '11', '', ''),
	('EquipmentEndDateTime', '설비작업종료일시', 'KRCW-01EROB075', '작업시간정보', '', 'Second', '0', '2', '', ''),
	('EquipmentEndDateTime', '설비작업종료일시', 'KRCW-01EROB076', '작업시간정보', '', 'Second', '0', '14', '', ''),
	('EquipmentEndDateTime', '설비작업종료일시', 'KRCW-01EROM001', '작업시간정보', '', 'Second', '0', '11', '', ''),
	('EquipmentEndDateTime', '설비작업종료일시', 'KRCW-01EROM002', '작업시간정보', '', 'Second', '0', '20', '', ''),
	('EquipmentEndDateTime', '설비작업종료일시', 'KRCW-01ESUM006', '작업시간정보', '', 'Second', '0', '10', '', ''),
	('EquipmentEndDateTime', '설비작업종료일시', 'KRCW-01ESUU001', '작업시간정보', '', 'Second', '0', '16', '', ''),
	('EquipmentEndDateTime', '설비작업종료일시', 'KRCW-01ESUU002', '작업시간정보', '', 'Second', '0', '17', '', ''),
	('EquipmentEndDateTime', '설비작업종료일시', 'KRCW-01ESUU003', '작업시간정보', '', 'Second', '0', '18', '', ''),
	('EquipmentEndDateTime', '설비작업종료일시', 'KRCW-01ESUU004', '작업시간정보', '', 'Second', '0', '28', '', ''),
	('EquipmentEndDateTime', '설비작업종료일시', 'KRCW-01ESUU005', '작업시간정보', '', 'Second', '0', '27', '', ''),
	('EquipmentEndDateTime', '설비작업종료일시', 'KRCW-01ETAA001', '작업시간정보', '', 'Second', '0', '17', '', ''),
	('EquipmentEndDateTime', '설비작업종료일시', 'KRCW-01ETHT006', '작업시간정보', '', 'Second', '0', '10', '', ''),
	('EquipmentEndDateTime', '설비작업종료일시', 'KRCW-01ETHT007', '작업시간정보', '', 'Second', '0', '13', '', ''),
	('EquipmentEndDateTime', '설비작업종료일시', 'KRCW-01EWEM013', '작업시간정보', '', 'Second', '0', '16', '', ''),
	('EquipmentEndDateTime', '설비작업종료일시', 'KRCW-01EWEM015', '작업시간정보', '', 'Second', '0', '15', '', ''),
	('EquipmentEndDateTime', '설비작업종료일시', 'KRCW-01EWEM016', '작업시간정보', '', 'Second', '0', '16', '', ''),
	('EquipmentEndDateTime', '설비작업종료일시', 'KRCW-01EWEM020', '작업시간정보', '', 'Second', '0', '16', '', ''),
	('EquipmentEndDateTime', '설비작업종료일시', 'KRCW-01EWEM021', '작업시간정보', '', 'Second', '0', '15', '', ''),
	('EquipmentEndDateTime', '설비작업종료일시', 'KRCW-01EWEM022', '작업시간정보', '', 'Second', '0', '15', '', ''),
	('EquipmentEndDateTime', '설비작업종료일시', 'KRCW-01EWEM023', '작업시간정보', '', 'Second', '0', '19', '', ''),
	('EquipmentEndDateTime', '설비작업종료일시', 'KRCW-02ER1A001', '작업시간정보', '', 'Second', '0', '13', '', ''),
	('EquipmentEndDateTime', '설비작업종료일시', 'KRCW-02ER1B001', '작업시간정보', '', 'Second', '0', '13', '', ''),
	('EquipmentEndDateTime', '설비작업종료일시', 'KRCW-02ER1C001', '작업시간정보', '', 'Second', '0', '13', '', ''),
	('CycleTime', 'CycleTime결과', 'KRCW-01EATT018', 'int', '', 'Second', '0', '0', '', ''),
	('CycleTime', 'CycleTime결과', 'KRCW-01EATT019', 'int', '', 'Second', '0', '0', '', ''),
	('CycleTime', 'CycleTime결과', 'KRCW-01EATT020', 'int', '', 'Second', '0', '0', '', ''),
	('CycleTime', 'CycleTime결과', 'KRCW-01EATT021', 'int', '', 'Second', '0', '0', '', ''),
	('CycleTime', 'CycleTime결과', 'KRCW-01ECEM001', 'int', '', 'Second', '0', '0', '', ''),
	('CycleTime', 'CycleTime결과', 'KRCW-01ECEM002', 'int', '', 'Second', '0', '0', '', ''),
	('CycleTime', 'CycleTime결과', 'KRCW-01ECEM003', 'int', '', 'Second', '0', '0', '', ''),
	('CycleTime', 'CycleTime결과', 'KRCW-01ECON027', 'int', '', 'Second', '0', '0', '', ''),
	('CycleTime', 'CycleTime결과', 'KRCW-01ECON028', 'int', '', 'Second', '0', '0', '', ''),
	('CycleTime', 'CycleTime결과', 'KRCW-01ECON029', 'int', '', 'Second', '0', '0', '', ''),
	('CycleTime', 'CycleTime결과', 'KRCW-01EETC025', 'int', '', 'Second', '0', '0', '', ''),
	('CycleTime', 'CycleTime결과', 'KRCW-01EETC026', 'int', '', 'Second', '0', '0', '', ''),
	('CycleTime', 'CycleTime결과', 'KRCW-01EETC027', 'int', '', 'Second', '0', '0', '', ''),
	('CycleTime', 'CycleTime결과', 'KRCW-01EETC028', 'int', '', 'Second', '0', '0', '', ''),
	('CycleTime', 'CycleTime결과', 'KRCW-01EETC029', 'int', '', 'Second', '0', '0', '', ''),
	('CycleTime', 'CycleTime결과', 'KRCW-01EETC030', 'int', '', 'Second', '0', '0', '', ''),
	('CycleTime', 'CycleTime결과', 'KRCW-01EETC031', 'int', '', 'Second', '0', '0', '', ''),
	('CycleTime', 'CycleTime결과', 'KRCW-01EETC032', 'int', '', 'Second', '0', '0', '', ''),
	('CycleTime', 'CycleTime결과', 'KRCW-01EETC033', 'int', '', 'Second', '0', '0', '', ''),
	('CycleTime', 'CycleTime결과', 'KRCW-01EETC034', 'int', '', 'Second', '0', '0', '', ''),
	('CycleTime', 'CycleTime결과', 'KRCW-01EETC035', 'int', '', 'Second', '0', '0', '', ''),
	('CycleTime', 'CycleTime결과', 'KRCW-01EETC040', 'int', '', 'Second', '0', '0', '', ''),
	('CycleTime', 'CycleTime결과', 'KRCW-01EETC041', 'int', '', 'Second', '0', '0', '', ''),
	('CycleTime', 'CycleTime결과', 'KRCW-01EETC042', 'int', '', 'Second', '0', '0', '', ''),
	('CycleTime', 'CycleTime결과', 'KRCW-01EETC043', 'int', '', 'Second', '0', '0', '', ''),
	('CycleTime', 'CycleTime결과', 'KRCW-01EETC044', 'int', '', 'Second', '0', '0', '', ''),
	('CycleTime', 'CycleTime결과', 'KRCW-01EETC045', 'int', '', 'Second', '0', '0', '', ''),
	('CycleTime', 'CycleTime결과', 'KRCW-01EETC046', 'int', '', 'Second', '0', '0', '', ''),
	('CycleTime', 'CycleTime결과', 'KRCW-01EETC048', 'int', '', 'Second', '0', '0', '', ''),
	('CycleTime', 'CycleTime결과', 'KRCW-01EETC050', 'int', '', 'Second', '0', '0', '', ''),
	('CycleTime', 'CycleTime결과', 'KRCW-01EETC051', 'int', '', 'Second', '0', '0', '', ''),
	('CycleTime', 'CycleTime결과', 'KRCW-01EETC057', 'int', '', 'Second', '0', '0', '', ''),
	('CycleTime', 'CycleTime결과', 'KRCW-01EETC058', 'int', '', 'Second', '0', '0', '', ''),
	('CycleTime', 'CycleTime결과', 'KRCW-01EETC060', 'int', '', 'Second', '0', '0', '', ''),
	('CycleTime', 'CycleTime결과', 'KRCW-01EETC061', 'int', '', 'Second', '0', '0', '', ''),
	('CycleTime', 'CycleTime결과', 'KRCW-01EETC062', 'int', '', 'Second', '0', '0', '', ''),
	('CycleTime', 'CycleTime결과', 'KRCW-01EETC063', 'int', '', 'Second', '0', '0', '', ''),
	('CycleTime', 'CycleTime결과', 'KRCW-01EETC078', 'int', '', 'Second', '0', '0', '', ''),
	('CycleTime', 'CycleTime결과', 'KRCW-01EINM044', 'int', '', 'Second', '0', '0', '', ''),
	('CycleTime', 'CycleTime결과', 'KRCW-01EINM045', 'int', '', 'Second', '0', '0', '', ''),
	('CycleTime', 'CycleTime결과', 'KRCW-01EINM046', 'int', '', 'Second', '0', '0', '', ''),
	('CycleTime', 'CycleTime결과', 'KRCW-01EINM047', 'int', '', 'Second', '0', '0', '', ''),
	('CycleTime', 'CycleTime결과', 'KRCW-01EINM051', 'int', '', 'Second', '0', '0', '', ''),
	('CycleTime', 'CycleTime결과', 'KRCW-01EINM052', 'int', '', 'Second', '0', '0', '', ''),
	('CycleTime', 'CycleTime결과', 'KRCW-01EINM053', 'int', '', 'Second', '0', '0', '', ''),
	('CycleTime', 'CycleTime결과', 'KRCW-01EINM054', 'int', '', 'Second', '0', '0', '', ''),
	('CycleTime', 'CycleTime결과', 'KRCW-01EINM057', 'int', '', 'Second', '0', '0', '', ''),
	('CycleTime', 'CycleTime결과', 'KRCW-01EINM058', 'int', '', 'Second', '0', '0', '', ''),
	('CycleTime', 'CycleTime결과', 'KRCW-01EINM059', 'int', '', 'Second', '0', '0', '', ''),
	('CycleTime', 'CycleTime결과', 'KRCW-01EINM060', 'int', '', 'Second', '0', '0', '', ''),
	('CycleTime', 'CycleTime결과', 'KRCW-01EINM061', 'int', '', 'Second', '0', '0', '', ''),
	('CycleTime', 'CycleTime결과', 'KRCW-01EINP001', 'int', '', 'Second', '0', '0', '', ''),
	('CycleTime', 'CycleTime결과', 'KRCW-01EINP002', 'int', '', 'Second', '0', '0', '', ''),
	('CycleTime', 'CycleTime결과', 'KRCW-01ELAB005', 'int', '', 'Second', '0', '0', '', ''),
	('CycleTime', 'CycleTime결과', 'KRCW-01ELAB006', 'int', '', 'Second', '0', '0', '', ''),
	('CycleTime', 'CycleTime결과', 'KRCW-01ELAB007', 'int', '', 'Second', '0', '0', '', ''),
	('CycleTime', 'CycleTime결과', 'KRCW-01ELAB008', 'int', '', 'Second', '0', '0', '', ''),
	('CycleTime', 'CycleTime결과', 'KRCW-01ELAB009', 'int', '', 'Second', '0', '0', '', ''),
	('CycleTime', 'CycleTime결과', 'KRCW-01ELAM006', 'int', '', 'Second', '0', '0', '', ''),
	('CycleTime', 'CycleTime결과', 'KRCW-01ELAM007', 'int', '', 'Second', '0', '0', '', ''),
	('CycleTime', 'CycleTime결과', 'KRCW-01ELAM008', 'int', '', 'Second', '0', '0', '', ''),
	('CycleTime', 'CycleTime결과', 'KRCW-01ELAM009', 'int', '', 'Second', '0', '0', '', ''),
	('CycleTime', 'CycleTime결과', 'KRCW-01ELAM010', 'int', '', 'Second', '0', '0', '', ''),
	('CycleTime', 'CycleTime결과', 'KRCW-01ELAM011', 'int', '', 'Second', '0', '0', '', ''),
	('CycleTime', 'CycleTime결과', 'KRCW-01ELIF026', 'int', '', 'Second', '0', '0', '', ''),
	('CycleTime', 'CycleTime결과', 'KRCW-01ELIF027', 'int', '', 'Second', '0', '0', '', ''),
	('CycleTime', 'CycleTime결과', 'KRCW-01ELIF037', 'int', '', 'Second', '0', '0', '', ''),
	('CycleTime', 'CycleTime결과', 'KRCW-01ELOA016', 'int', '', 'Second', '0', '0', '', ''),
	('CycleTime', 'CycleTime결과', 'KRCW-01ELOM001', 'int', '', 'Second', '0', '0', '', ''),
	('CycleTime', 'CycleTime결과', 'KRCW-01ELOM002', 'int', '', 'Second', '0', '0', '', ''),
	('CycleTime', 'CycleTime결과', 'KRCW-01ELQI005', 'int', '', 'Second', '0', '0', '', ''),
	('CycleTime', 'CycleTime결과', 'KRCW-01EPAC001', 'int', '', 'Second', '0', '0', '', ''),
	('CycleTime', 'CycleTime결과', 'KRCW-01EPPB002', 'int', '', 'Second', '0', '0', '', ''),
	('CycleTime', 'CycleTime결과', 'KRCW-01EPPB003', 'int', '', 'Second', '0', '0', '', ''),
	('CycleTime', 'CycleTime결과', 'KRCW-01EPPB004', 'int', '', 'Second', '0', '0', '', ''),
	('CycleTime', 'CycleTime결과', 'KRCW-01EPPB005', 'int', '', 'Second', '0', '0', '', ''),
	('CycleTime', 'CycleTime결과', 'KRCW-01EPRF010', 'int', '', 'Second', '0', '0', '', ''),
	('CycleTime', 'CycleTime결과', 'KRCW-01EPRF011', 'int', '', 'Second', '0', '0', '', ''),
	('CycleTime', 'CycleTime결과', 'KRCW-01EPRF012', 'int', '', 'Second', '0', '0', '', ''),
	('CycleTime', 'CycleTime결과', 'KRCW-01EROB045', 'int', '', 'Second', '0', '0', '', ''),
	('CycleTime', 'CycleTime결과', 'KRCW-01EROB049', 'int', '', 'Second', '0', '0', '', ''),
	('CycleTime', 'CycleTime결과', 'KRCW-01EROB050', 'int', '', 'Second', '0', '0', '', ''),
	('CycleTime', 'CycleTime결과', 'KRCW-01EROB051', 'int', '', 'Second', '0', '0', '', ''),
	('CycleTime', 'CycleTime결과', 'KRCW-01EROB054', 'int', '', 'Second', '0', '0', '', ''),
	('CycleTime', 'CycleTime결과', 'KRCW-01EROB055', 'int', '', 'Second', '0', '0', '', ''),
	('CycleTime', 'CycleTime결과', 'KRCW-01EROB056', 'int', '', 'Second', '0', '0', '', ''),
	('CycleTime', 'CycleTime결과', 'KRCW-01EROB063', 'int', '', 'Second', '0', '0', '', ''),
	('CycleTime', 'CycleTime결과', 'KRCW-01EROB064', 'int', '', 'Second', '0', '0', '', ''),
	('CycleTime', 'CycleTime결과', 'KRCW-01EROB065', 'int', '', 'Second', '0', '0', '', ''),
	('CycleTime', 'CycleTime결과', 'KRCW-01EROB067', 'int', '', 'Second', '0', '0', '', ''),
	('CycleTime', 'CycleTime결과', 'KRCW-01EROB068', 'int', '', 'Second', '0', '0', '', ''),
	('CycleTime', 'CycleTime결과', 'KRCW-01EROB070', 'int', '', 'Second', '0', '0', '', ''),
	('CycleTime', 'CycleTime결과', 'KRCW-01EROB071', 'int', '', 'Second', '0', '0', '', ''),
	('CycleTime', 'CycleTime결과', 'KRCW-01EROB072', 'int', '', 'Second', '0', '0', '', ''),
	('CycleTime', 'CycleTime결과', 'KRCW-01EROB073', 'int', '', 'Second', '0', '0', '', ''),
	('CycleTime', 'CycleTime결과', 'KRCW-01EROB074', 'int', '', 'Second', '0', '0', '', ''),
	('CycleTime', 'CycleTime결과', 'KRCW-01EROB075', 'int', '', 'Second', '0', '0', '', ''),
	('CycleTime', 'CycleTime결과', 'KRCW-01EROB076', 'int', '', 'Second', '0', '0', '', ''),
	('CycleTime', 'CycleTime결과', 'KRCW-01EROM001', 'int', '', 'Second', '0', '0', '', ''),
	('CycleTime', 'CycleTime결과', 'KRCW-01EROM002', 'int', '', 'Second', '0', '0', '', ''),
	('CycleTime', 'CycleTime결과', 'KRCW-01ESUM006', 'int', '', 'Second', '0', '0', '', ''),
	('CycleTime', 'CycleTime결과', 'KRCW-01ESUU001', 'int', '', 'Second', '0', '0', '', ''),
	('CycleTime', 'CycleTime결과', 'KRCW-01ESUU002', 'int', '', 'Second', '0', '0', '', ''),
	('CycleTime', 'CycleTime결과', 'KRCW-01ESUU003', 'int', '', 'Second', '0', '0', '', ''),
	('CycleTime', 'CycleTime결과', 'KRCW-01ESUU004', 'int', '', 'Second', '0', '0', '', ''),
	('CycleTime', 'CycleTime결과', 'KRCW-01ESUU005', 'int', '', 'Second', '0', '0', '', ''),
	('CycleTime', 'CycleTime결과', 'KRCW-01ETAA001', 'int', '', 'Second', '0', '0', '', ''),
	('CycleTime', 'CycleTime결과', 'KRCW-01ETHT006', 'int', '', 'Second', '0', '0', '', ''),
	('CycleTime', 'CycleTime결과', 'KRCW-01ETHT007', 'int', '', 'Second', '0', '0', '', ''),
	('CycleTime', 'CycleTime결과', 'KRCW-01EWEM013', 'int', '', 'Second', '0', '0', '', ''),
	('CycleTime', 'CycleTime결과', 'KRCW-01EWEM015', 'int', '', 'Second', '0', '0', '', ''),
	('CycleTime', 'CycleTime결과', 'KRCW-01EWEM016', 'int', '', 'Second', '0', '0', '', ''),
	('CycleTime', 'CycleTime결과', 'KRCW-01EWEM020', 'int', '', 'Second', '0', '0', '', ''),
	('CycleTime', 'CycleTime결과', 'KRCW-01EWEM021', 'int', '', 'Second', '0', '0', '', ''),
	('CycleTime', 'CycleTime결과', 'KRCW-01EWEM022', 'int', '', 'Second', '0', '0', '', ''),
	('CycleTime', 'CycleTime결과', 'KRCW-01EWEM023', 'int', '', 'Second', '0', '0', '', ''),
	('CycleTime', 'CycleTime결과', 'KRCW-02ER1A001', 'int', '', 'Second', '0', '0', '', ''),
	('CycleTime', 'CycleTime결과', 'KRCW-02ER1B001', 'int', '', 'Second', '0', '0', '', ''),
	('CycleTime', 'CycleTime결과', 'KRCW-02ER1C001', 'int', '', 'Second', '0', '0', '', ''),
	('TaktTimeEstimatedResult', 'TaktTime예측결과', 'KRCW-01EATT018', '예측정보', '', 'Second', '0', '0', '', ''),
	('TaktTimeEstimatedResult', 'TaktTime예측결과', 'KRCW-01EATT019', '예측정보', '', 'Second', '0', '0', '', ''),
	('TaktTimeEstimatedResult', 'TaktTime예측결과', 'KRCW-01EATT020', '예측정보', '', 'Second', '0', '0', '', ''),
	('TaktTimeEstimatedResult', 'TaktTime예측결과', 'KRCW-01EATT021', '예측정보', '', 'Second', '0', '0', '', ''),
	('TaktTimeEstimatedResult', 'TaktTime예측결과', 'KRCW-01ECEM001', '예측정보', '', 'Second', '0', '0', '', ''),
	('TaktTimeEstimatedResult', 'TaktTime예측결과', 'KRCW-01ECEM002', '예측정보', '', 'Second', '0', '0', '', ''),
	('TaktTimeEstimatedResult', 'TaktTime예측결과', 'KRCW-01ECEM003', '예측정보', '', 'Second', '0', '0', '', ''),
	('TaktTimeEstimatedResult', 'TaktTime예측결과', 'KRCW-01ECON027', '예측정보', '', 'Second', '0', '0', '', ''),
	('TaktTimeEstimatedResult', 'TaktTime예측결과', 'KRCW-01ECON028', '예측정보', '', 'Second', '0', '0', '', ''),
	('TaktTimeEstimatedResult', 'TaktTime예측결과', 'KRCW-01ECON029', '예측정보', '', 'Second', '0', '0', '', ''),
	('TaktTimeEstimatedResult', 'TaktTime예측결과', 'KRCW-01EETC025', '예측정보', '', 'Second', '0', '0', '', ''),
	('TaktTimeEstimatedResult', 'TaktTime예측결과', 'KRCW-01EETC026', '예측정보', '', 'Second', '0', '0', '', ''),
	('TaktTimeEstimatedResult', 'TaktTime예측결과', 'KRCW-01EETC027', '예측정보', '', 'Second', '0', '0', '', ''),
	('TaktTimeEstimatedResult', 'TaktTime예측결과', 'KRCW-01EETC028', '예측정보', '', 'Second', '0', '0', '', ''),
	('TaktTimeEstimatedResult', 'TaktTime예측결과', 'KRCW-01EETC029', '예측정보', '', 'Second', '0', '0', '', ''),
	('TaktTimeEstimatedResult', 'TaktTime예측결과', 'KRCW-01EETC030', '예측정보', '', 'Second', '0', '0', '', ''),
	('TaktTimeEstimatedResult', 'TaktTime예측결과', 'KRCW-01EETC031', '예측정보', '', 'Second', '0', '0', '', ''),
	('TaktTimeEstimatedResult', 'TaktTime예측결과', 'KRCW-01EETC032', '예측정보', '', 'Second', '0', '0', '', ''),
	('TaktTimeEstimatedResult', 'TaktTime예측결과', 'KRCW-01EETC033', '예측정보', '', 'Second', '0', '0', '', ''),
	('TaktTimeEstimatedResult', 'TaktTime예측결과', 'KRCW-01EETC034', '예측정보', '', 'Second', '0', '0', '', ''),
	('TaktTimeEstimatedResult', 'TaktTime예측결과', 'KRCW-01EETC035', '예측정보', '', 'Second', '0', '0', '', ''),
	('TaktTimeEstimatedResult', 'TaktTime예측결과', 'KRCW-01EETC040', '예측정보', '', 'Second', '0', '0', '', ''),
	('TaktTimeEstimatedResult', 'TaktTime예측결과', 'KRCW-01EETC041', '예측정보', '', 'Second', '0', '0', '', ''),
	('TaktTimeEstimatedResult', 'TaktTime예측결과', 'KRCW-01EETC042', '예측정보', '', 'Second', '0', '0', '', ''),
	('TaktTimeEstimatedResult', 'TaktTime예측결과', 'KRCW-01EETC043', '예측정보', '', 'Second', '0', '0', '', ''),
	('TaktTimeEstimatedResult', 'TaktTime예측결과', 'KRCW-01EETC044', '예측정보', '', 'Second', '0', '0', '', ''),
	('TaktTimeEstimatedResult', 'TaktTime예측결과', 'KRCW-01EETC045', '예측정보', '', 'Second', '0', '0', '', ''),
	('TaktTimeEstimatedResult', 'TaktTime예측결과', 'KRCW-01EETC046', '예측정보', '', 'Second', '0', '0', '', ''),
	('TaktTimeEstimatedResult', 'TaktTime예측결과', 'KRCW-01EETC048', '예측정보', '', 'Second', '0', '0', '', ''),
	('TaktTimeEstimatedResult', 'TaktTime예측결과', 'KRCW-01EETC050', '예측정보', '', 'Second', '0', '0', '', ''),
	('TaktTimeEstimatedResult', 'TaktTime예측결과', 'KRCW-01EETC051', '예측정보', '', 'Second', '0', '0', '', ''),
	('TaktTimeEstimatedResult', 'TaktTime예측결과', 'KRCW-01EETC057', '예측정보', '', 'Second', '0', '0', '', ''),
	('TaktTimeEstimatedResult', 'TaktTime예측결과', 'KRCW-01EETC058', '예측정보', '', 'Second', '0', '0', '', ''),
	('TaktTimeEstimatedResult', 'TaktTime예측결과', 'KRCW-01EETC060', '예측정보', '', 'Second', '0', '0', '', ''),
	('TaktTimeEstimatedResult', 'TaktTime예측결과', 'KRCW-01EETC061', '예측정보', '', 'Second', '0', '0', '', ''),
	('TaktTimeEstimatedResult', 'TaktTime예측결과', 'KRCW-01EETC062', '예측정보', '', 'Second', '0', '0', '', ''),
	('TaktTimeEstimatedResult', 'TaktTime예측결과', 'KRCW-01EETC063', '예측정보', '', 'Second', '0', '0', '', ''),
	('TaktTimeEstimatedResult', 'TaktTime예측결과', 'KRCW-01EETC078', '예측정보', '', 'Second', '0', '0', '', ''),
	('TaktTimeEstimatedResult', 'TaktTime예측결과', 'KRCW-01EINM044', '예측정보', '', 'Second', '0', '0', '', ''),
	('TaktTimeEstimatedResult', 'TaktTime예측결과', 'KRCW-01EINM045', '예측정보', '', 'Second', '0', '0', '', ''),
	('TaktTimeEstimatedResult', 'TaktTime예측결과', 'KRCW-01EINM046', '예측정보', '', 'Second', '0', '0', '', ''),
	('TaktTimeEstimatedResult', 'TaktTime예측결과', 'KRCW-01EINM047', '예측정보', '', 'Second', '0', '0', '', ''),
	('TaktTimeEstimatedResult', 'TaktTime예측결과', 'KRCW-01EINM051', '예측정보', '', 'Second', '0', '0', '', ''),
	('TaktTimeEstimatedResult', 'TaktTime예측결과', 'KRCW-01EINM052', '예측정보', '', 'Second', '0', '0', '', ''),
	('TaktTimeEstimatedResult', 'TaktTime예측결과', 'KRCW-01EINM053', '예측정보', '', 'Second', '0', '0', '', ''),
	('TaktTimeEstimatedResult', 'TaktTime예측결과', 'KRCW-01EINM054', '예측정보', '', 'Second', '0', '0', '', ''),
	('TaktTimeEstimatedResult', 'TaktTime예측결과', 'KRCW-01EINM057', '예측정보', '', 'Second', '0', '0', '', ''),
	('TaktTimeEstimatedResult', 'TaktTime예측결과', 'KRCW-01EINM058', '예측정보', '', 'Second', '0', '0', '', ''),
	('TaktTimeEstimatedResult', 'TaktTime예측결과', 'KRCW-01EINM059', '예측정보', '', 'Second', '0', '0', '', ''),
	('TaktTimeEstimatedResult', 'TaktTime예측결과', 'KRCW-01EINM060', '예측정보', '', 'Second', '0', '0', '', ''),
	('TaktTimeEstimatedResult', 'TaktTime예측결과', 'KRCW-01EINM061', '예측정보', '', 'Second', '0', '0', '', ''),
	('TaktTimeEstimatedResult', 'TaktTime예측결과', 'KRCW-01EINP001', '예측정보', '', 'Second', '0', '0', '', ''),
	('TaktTimeEstimatedResult', 'TaktTime예측결과', 'KRCW-01EINP002', '예측정보', '', 'Second', '0', '0', '', ''),
	('TaktTimeEstimatedResult', 'TaktTime예측결과', 'KRCW-01ELAB005', '예측정보', '', 'Second', '0', '0', '', ''),
	('TaktTimeEstimatedResult', 'TaktTime예측결과', 'KRCW-01ELAB006', '예측정보', '', 'Second', '0', '0', '', ''),
	('TaktTimeEstimatedResult', 'TaktTime예측결과', 'KRCW-01ELAB007', '예측정보', '', 'Second', '0', '0', '', ''),
	('TaktTimeEstimatedResult', 'TaktTime예측결과', 'KRCW-01ELAB008', '예측정보', '', 'Second', '0', '0', '', ''),
	('TaktTimeEstimatedResult', 'TaktTime예측결과', 'KRCW-01ELAB009', '예측정보', '', 'Second', '0', '0', '', ''),
	('TaktTimeEstimatedResult', 'TaktTime예측결과', 'KRCW-01ELAM006', '예측정보', '', 'Second', '0', '0', '', ''),
	('TaktTimeEstimatedResult', 'TaktTime예측결과', 'KRCW-01ELAM007', '예측정보', '', 'Second', '0', '0', '', ''),
	('TaktTimeEstimatedResult', 'TaktTime예측결과', 'KRCW-01ELAM008', '예측정보', '', 'Second', '0', '0', '', ''),
	('TaktTimeEstimatedResult', 'TaktTime예측결과', 'KRCW-01ELAM009', '예측정보', '', 'Second', '0', '0', '', ''),
	('TaktTimeEstimatedResult', 'TaktTime예측결과', 'KRCW-01ELAM010', '예측정보', '', 'Second', '0', '0', '', ''),
	('TaktTimeEstimatedResult', 'TaktTime예측결과', 'KRCW-01ELAM011', '예측정보', '', 'Second', '0', '0', '', ''),
	('TaktTimeEstimatedResult', 'TaktTime예측결과', 'KRCW-01ELIF026', '예측정보', '', 'Second', '0', '0', '', ''),
	('TaktTimeEstimatedResult', 'TaktTime예측결과', 'KRCW-01ELIF027', '예측정보', '', 'Second', '0', '0', '', ''),
	('TaktTimeEstimatedResult', 'TaktTime예측결과', 'KRCW-01ELIF037', '예측정보', '', 'Second', '0', '0', '', ''),
	('TaktTimeEstimatedResult', 'TaktTime예측결과', 'KRCW-01ELOA016', '예측정보', '', 'Second', '0', '0', '', ''),
	('TaktTimeEstimatedResult', 'TaktTime예측결과', 'KRCW-01ELOM001', '예측정보', '', 'Second', '0', '0', '', ''),
	('TaktTimeEstimatedResult', 'TaktTime예측결과', 'KRCW-01ELOM002', '예측정보', '', 'Second', '0', '0', '', ''),
	('TaktTimeEstimatedResult', 'TaktTime예측결과', 'KRCW-01ELQI005', '예측정보', '', 'Second', '0', '0', '', ''),
	('TaktTimeEstimatedResult', 'TaktTime예측결과', 'KRCW-01EPAC001', '예측정보', '', 'Second', '0', '0', '', ''),
	('TaktTimeEstimatedResult', 'TaktTime예측결과', 'KRCW-01EPPB002', '예측정보', '', 'Second', '0', '0', '', ''),
	('TaktTimeEstimatedResult', 'TaktTime예측결과', 'KRCW-01EPPB003', '예측정보', '', 'Second', '0', '0', '', ''),
	('TaktTimeEstimatedResult', 'TaktTime예측결과', 'KRCW-01EPPB004', '예측정보', '', 'Second', '0', '0', '', ''),
	('TaktTimeEstimatedResult', 'TaktTime예측결과', 'KRCW-01EPPB005', '예측정보', '', 'Second', '0', '0', '', ''),
	('TaktTimeEstimatedResult', 'TaktTime예측결과', 'KRCW-01EPRF010', '예측정보', '', 'Second', '0', '0', '', ''),
	('TaktTimeEstimatedResult', 'TaktTime예측결과', 'KRCW-01EPRF011', '예측정보', '', 'Second', '0', '0', '', ''),
	('TaktTimeEstimatedResult', 'TaktTime예측결과', 'KRCW-01EPRF012', '예측정보', '', 'Second', '0', '0', '', ''),
	('TaktTimeEstimatedResult', 'TaktTime예측결과', 'KRCW-01EROB045', '예측정보', '', 'Second', '0', '0', '', ''),
	('TaktTimeEstimatedResult', 'TaktTime예측결과', 'KRCW-01EROB049', '예측정보', '', 'Second', '0', '0', '', ''),
	('TaktTimeEstimatedResult', 'TaktTime예측결과', 'KRCW-01EROB050', '예측정보', '', 'Second', '0', '0', '', ''),
	('TaktTimeEstimatedResult', 'TaktTime예측결과', 'KRCW-01EROB051', '예측정보', '', 'Second', '0', '0', '', ''),
	('TaktTimeEstimatedResult', 'TaktTime예측결과', 'KRCW-01EROB054', '예측정보', '', 'Second', '0', '0', '', ''),
	('TaktTimeEstimatedResult', 'TaktTime예측결과', 'KRCW-01EROB055', '예측정보', '', 'Second', '0', '0', '', ''),
	('TaktTimeEstimatedResult', 'TaktTime예측결과', 'KRCW-01EROB056', '예측정보', '', 'Second', '0', '0', '', ''),
	('TaktTimeEstimatedResult', 'TaktTime예측결과', 'KRCW-01EROB063', '예측정보', '', 'Second', '0', '0', '', ''),
	('TaktTimeEstimatedResult', 'TaktTime예측결과', 'KRCW-01EROB064', '예측정보', '', 'Second', '0', '0', '', ''),
	('TaktTimeEstimatedResult', 'TaktTime예측결과', 'KRCW-01EROB065', '예측정보', '', 'Second', '0', '0', '', ''),
	('TaktTimeEstimatedResult', 'TaktTime예측결과', 'KRCW-01EROB067', '예측정보', '', 'Second', '0', '0', '', ''),
	('TaktTimeEstimatedResult', 'TaktTime예측결과', 'KRCW-01EROB068', '예측정보', '', 'Second', '0', '0', '', ''),
	('TaktTimeEstimatedResult', 'TaktTime예측결과', 'KRCW-01EROB070', '예측정보', '', 'Second', '0', '0', '', ''),
	('TaktTimeEstimatedResult', 'TaktTime예측결과', 'KRCW-01EROB071', '예측정보', '', 'Second', '0', '0', '', ''),
	('TaktTimeEstimatedResult', 'TaktTime예측결과', 'KRCW-01EROB072', '예측정보', '', 'Second', '0', '0', '', ''),
	('TaktTimeEstimatedResult', 'TaktTime예측결과', 'KRCW-01EROB073', '예측정보', '', 'Second', '0', '0', '', ''),
	('TaktTimeEstimatedResult', 'TaktTime예측결과', 'KRCW-01EROB074', '예측정보', '', 'Second', '0', '0', '', ''),
	('TaktTimeEstimatedResult', 'TaktTime예측결과', 'KRCW-01EROB075', '예측정보', '', 'Second', '0', '0', '', ''),
	('TaktTimeEstimatedResult', 'TaktTime예측결과', 'KRCW-01EROB076', '예측정보', '', 'Second', '0', '0', '', ''),
	('TaktTimeEstimatedResult', 'TaktTime예측결과', 'KRCW-01EROM001', '예측정보', '', 'Second', '0', '0', '', ''),
	('TaktTimeEstimatedResult', 'TaktTime예측결과', 'KRCW-01EROM002', '예측정보', '', 'Second', '0', '0', '', ''),
	('TaktTimeEstimatedResult', 'TaktTime예측결과', 'KRCW-01ESUM006', '예측정보', '', 'Second', '0', '0', '', ''),
	('TaktTimeEstimatedResult', 'TaktTime예측결과', 'KRCW-01ESUU001', '예측정보', '', 'Second', '0', '0', '', ''),
	('TaktTimeEstimatedResult', 'TaktTime예측결과', 'KRCW-01ESUU002', '예측정보', '', 'Second', '0', '0', '', ''),
	('TaktTimeEstimatedResult', 'TaktTime예측결과', 'KRCW-01ESUU003', '예측정보', '', 'Second', '0', '0', '', ''),
	('TaktTimeEstimatedResult', 'TaktTime예측결과', 'KRCW-01ESUU004', '예측정보', '', 'Second', '0', '0', '', ''),
	('TaktTimeEstimatedResult', 'TaktTime예측결과', 'KRCW-01ESUU005', '예측정보', '', 'Second', '0', '0', '', ''),
	('TaktTimeEstimatedResult', 'TaktTime예측결과', 'KRCW-01ETAA001', '예측정보', '', 'Second', '0', '0', '', ''),
	('TaktTimeEstimatedResult', 'TaktTime예측결과', 'KRCW-01ETHT006', '예측정보', '', 'Second', '0', '0', '', ''),
	('TaktTimeEstimatedResult', 'TaktTime예측결과', 'KRCW-01ETHT007', '예측정보', '', 'Second', '0', '0', '', ''),
	('TaktTimeEstimatedResult', 'TaktTime예측결과', 'KRCW-01EWEM013', '예측정보', '', 'Second', '0', '0', '', ''),
	('TaktTimeEstimatedResult', 'TaktTime예측결과', 'KRCW-01EWEM015', '예측정보', '', 'Second', '0', '0', '', ''),
	('TaktTimeEstimatedResult', 'TaktTime예측결과', 'KRCW-01EWEM016', '예측정보', '', 'Second', '0', '0', '', ''),
	('TaktTimeEstimatedResult', 'TaktTime예측결과', 'KRCW-01EWEM020', '예측정보', '', 'Second', '0', '0', '', ''),
	('TaktTimeEstimatedResult', 'TaktTime예측결과', 'KRCW-01EWEM021', '예측정보', '', 'Second', '0', '0', '', ''),
	('TaktTimeEstimatedResult', 'TaktTime예측결과', 'KRCW-01EWEM022', '예측정보', '', 'Second', '0', '0', '', ''),
	('TaktTimeEstimatedResult', 'TaktTime예측결과', 'KRCW-01EWEM023', '예측정보', '', 'Second', '0', '0', '', ''),
	('TaktTimeEstimatedResult', 'TaktTime예측결과', 'KRCW-02ER1A001', '예측정보', '', 'Second', '0', '0', '', ''),
	('TaktTimeEstimatedResult', 'TaktTime예측결과', 'KRCW-02ER1B001', '예측정보', '', 'Second', '0', '0', '', ''),
	('TaktTimeEstimatedResult', 'TaktTime예측결과', 'KRCW-02ER1C001', '예측정보', '', 'Second', '0', '0', '', '');


drop table if exists v2_equipmentparametervalue;
CREATE TABLE IF NOT EXISTS v2_equipmentparametervalue (
  ParameterID varchar(64) NOT NULL DEFAULT '',
  EquipmentID varchar(64) DEFAULT NULL,
  ParameterValue varchar(255) DEFAULT NULL,
  EventDateTime varchar(32) DEFAULT NULL,
  ValidationResultCode varchar(16) NOT NULL DEFAULT '',
  ParameterUOMCode varchar(16) NOT NULL DEFAULT ''
);
INSERT INTO v2_equipmentparametervalue (ParameterID, EquipmentID, ParameterValue, EventDateTime, ValidationResultCode, ParameterUOMCode) VALUES
	('EquipmentStatus', 'KRCW-01EATT018', 'Idle', '2024-07-10 14:38:39', '', ''),
	('EquipmentStatus', 'KRCW-01EATT019', 'Idle', '2024-07-10 14:32:42', '', ''),
	('EquipmentStatus', 'KRCW-01EATT020', 'Idle', '2024-07-10 15:34:33', '', ''),
	('EquipmentStatus', 'KRCW-01EATT021', 'Idle', '2024-07-10 15:37:43', '', ''),
	('EquipmentStatus', 'KRCW-01ECEM001', 'Idle', '2024-07-10 15:31:19', '', ''),
	('EquipmentStatus', 'KRCW-01ECEM002', 'Idle', '2024-07-10 15:32:15', '', ''),
	('EquipmentStatus', 'KRCW-01ECEM003', 'Idle', '2024-07-10 15:31:35', '', ''),
	('EquipmentStatus', 'KRCW-01ECON027', 'Idle', '2024-07-10 15:23:23', '', ''),
	('EquipmentStatus', 'KRCW-01ECON028', 'Idle', '2024-07-10 15:23:51', '', ''),
	('EquipmentStatus', 'KRCW-01ECON029', 'Idle', '2024-07-10 15:22:10', '', ''),
	('EquipmentStatus', 'KRCW-01EETC025', 'Idle', '2024-07-10 15:31:15', '', ''),
	('EquipmentStatus', 'KRCW-01EETC026', 'Idle', '2024-07-10 15:27:12', '', ''),
	('EquipmentStatus', 'KRCW-01EETC027', 'Idle', '2024-07-10 15:27:22', '', ''),
	('EquipmentStatus', 'KRCW-01EETC028', 'Idle', '2024-07-10 15:27:41', '', ''),
	('EquipmentStatus', 'KRCW-01EETC029', 'Idle', '2024-07-10 15:25:27', '', ''),
	('EquipmentStatus', 'KRCW-01EETC030', 'Idle', '2024-07-10 15:25:44', '', ''),
	('EquipmentStatus', 'KRCW-01EETC031', 'Idle', '2024-07-10 15:21:38', '', ''),
	('EquipmentStatus', 'KRCW-01EETC032', 'Idle', '2024-07-10 15:22:54', '', ''),
	('EquipmentStatus', 'KRCW-01EETC033', 'Idle', '2024-07-10 15:23:11', '', ''),
	('EquipmentStatus', 'KRCW-01EETC034', 'Run', '2024-07-10 14:41:04', '', ''),
	('EquipmentStatus', 'KRCW-01EETC035', 'Idle', '2024-07-10 14:43:27', '', ''),
	('EquipmentStatus', 'KRCW-01EETC040', 'Run', '2024-07-10 14:40:18', '', ''),
	('EquipmentStatus', 'KRCW-01EETC041', 'Idle', '2024-07-10 15:12:40', '', ''),
	('EquipmentStatus', 'KRCW-01EETC042', 'Run', '2024-07-10 15:13:46', '', ''),
	('EquipmentStatus', 'KRCW-01EETC043', 'Idle', '2024-07-10 15:15:08', '', ''),
	('EquipmentStatus', 'KRCW-01EETC044', 'Idle', '2024-07-10 15:11:21', '', ''),
	('EquipmentStatus', 'KRCW-01EETC045', 'Run', '2024-07-10 15:10:58', '', ''),
	('EquipmentStatus', 'KRCW-01EETC046', 'Idle', '2024-07-10 14:40:24', '', ''),
	('EquipmentStatus', 'KRCW-01EETC048', 'Idle', '2024-07-10 14:33:03', '', ''),
	('EquipmentStatus', 'KRCW-01EETC050', 'Idle', '2024-07-10 14:36:28', '', ''),
	('EquipmentStatus', 'KRCW-01EETC051', 'Idle', '2024-07-10 14:35:52', '', ''),
	('EquipmentStatus', 'KRCW-01EETC057', 'Idle', '2024-07-10 14:42:10', '', ''),
	('EquipmentStatus', 'KRCW-01EETC058', 'Run', '2024-07-10 14:41:18', '', ''),
	('EquipmentStatus', 'KRCW-01EETC060', 'Run', '2024-07-10 14:41:16', '', ''),
	('EquipmentStatus', 'KRCW-01EETC061', 'Idle', '2024-07-10 15:34:09', '', ''),
	('EquipmentStatus', 'KRCW-01EETC062', 'Idle', '2024-07-10 15:37:23', '', ''),
	('EquipmentStatus', 'KRCW-01EETC063', 'Idle', '2024-07-10 15:37:07', '', ''),
	('EquipmentStatus', 'KRCW-01EETC078', 'Idle', '2024-07-10 14:35:57', '', ''),
	('EquipmentStatus', 'KRCW-01EINM044', 'Run', '2024-07-10 14:41:58', '', ''),
	('EquipmentStatus', 'KRCW-01EINM045', 'Run', '2024-07-10 14:39:52', '', ''),
	('EquipmentStatus', 'KRCW-01EINM046', 'Idle', '2024-07-10 14:40:37', '', ''),
	('EquipmentStatus', 'KRCW-01EINM047', 'Idle', '2024-07-10 14:40:46', '', ''),
	('EquipmentStatus', 'KRCW-01EINM051', 'Idle', '2024-07-10 15:36:46', '', ''),
	('EquipmentStatus', 'KRCW-01EINM052', 'Idle', '2024-07-10 15:34:22', '', ''),
	('EquipmentStatus', 'KRCW-01EINM053', 'Idle', '2024-07-10 15:38:10', '', ''),
	('EquipmentStatus', 'KRCW-01EINM054', 'Idle', '2024-07-10 14:42:01', '', ''),
	('EquipmentStatus', 'KRCW-01EINM057', 'Idle', '2024-07-10 14:43:41', '', ''),
	('EquipmentStatus', 'KRCW-01EINM058', 'Idle', '2024-07-10 15:37:17', '', ''),
	('EquipmentStatus', 'KRCW-01EINM059', 'Run', '2024-07-10 14:39:40', '', ''),
	('EquipmentStatus', 'KRCW-01EINM060', 'Run', '2024-07-10 14:41:01', '', ''),
	('EquipmentStatus', 'KRCW-01EINM061', 'Idle', '2024-07-10 15:36:55', '', ''),
	('EquipmentStatus', 'KRCW-01EINP001', 'Idle', '2024-07-10 15:19:54', '', ''),
	('EquipmentStatus', 'KRCW-01EINP002', 'Idle', '2024-07-10 15:18:57', '', ''),
	('EquipmentStatus', 'KRCW-01ELAB005', 'Idle', '2024-07-10 14:35:45', '', ''),
	('EquipmentStatus', 'KRCW-01ELAB006', 'Idle', '2024-07-10 14:32:48', '', ''),
	('EquipmentStatus', 'KRCW-01ELAB007', 'Idle', '2024-07-10 15:38:17', '', ''),
	('EquipmentStatus', 'KRCW-01ELAB008', 'Idle', '2024-07-10 14:35:27', '', ''),
	('EquipmentStatus', 'KRCW-01ELAB009', 'Idle', '2024-07-10 14:36:11', '', ''),
	('EquipmentStatus', 'KRCW-01ELAM006', 'Idle', '2024-07-10 14:46:03', '', ''),
	('EquipmentStatus', 'KRCW-01ELAM007', 'Idle', '2024-07-10 14:46:07', '', ''),
	('EquipmentStatus', 'KRCW-01ELAM008', 'Idle', '2024-07-10 14:46:09', '', ''),
	('EquipmentStatus', 'KRCW-01ELAM009', 'Run', '2024-07-10 14:46:06', '', ''),
	('EquipmentStatus', 'KRCW-01ELAM010', 'Idle', '2024-07-10 14:42:51', '', ''),
	('EquipmentStatus', 'KRCW-01ELAM011', 'Idle', '2024-07-10 14:32:53', '', ''),
	('EquipmentStatus', 'KRCW-01ELIF026', 'Run', '2024-07-10 15:11:30', '', ''),
	('EquipmentStatus', 'KRCW-01ELIF027', 'Idle', '2024-07-10 14:41:57', '', ''),
	('EquipmentStatus', 'KRCW-01ELIF037', 'Run', '2024-07-10 14:41:43', '', ''),
	('EquipmentStatus', 'KRCW-01ELOA016', 'Idle', '2024-07-10 14:43:19', '', ''),
	('EquipmentStatus', 'KRCW-01ELOM001', 'Idle', '2024-07-10 15:11:13', '', ''),
	('EquipmentStatus', 'KRCW-01ELOM002', 'Run', '2024-07-10 15:12:01', '', ''),
	('EquipmentStatus', 'KRCW-01ELQI005', 'Idle', '2024-07-10 14:40:55', '', ''),
	('EquipmentStatus', 'KRCW-01EPAC001', 'Idle', '2024-07-10 14:34:44', '', ''),
	('EquipmentStatus', 'KRCW-01EPPB002', 'Run', '2024-07-10 14:35:31', '', ''),
	('EquipmentStatus', 'KRCW-01EPPB003', 'Idle', '2024-07-10 14:38:44', '', ''),
	('EquipmentStatus', 'KRCW-01EPPB004', 'Run', '2024-07-10 14:34:38', '', ''),
	('EquipmentStatus', 'KRCW-01EPPB005', 'Idle', '2024-07-10 14:38:00', '', ''),
	('EquipmentStatus', 'KRCW-01EPRF010', 'Idle', '2024-07-10 15:34:59', '', ''),
	('EquipmentStatus', 'KRCW-01EPRF011', 'Idle', '2024-07-10 15:35:53', '', ''),
	('EquipmentStatus', 'KRCW-01EPRF012', 'Idle', '2024-07-10 15:34:42', '', ''),
	('EquipmentStatus', 'KRCW-01EROB045', 'Idle', '2024-07-10 15:17:24', '', ''),
	('EquipmentStatus', 'KRCW-01EROB049', 'Idle', '2024-07-10 14:30:32', '', ''),
	('EquipmentStatus', 'KRCW-01EROB050', 'Idle', '2024-07-10 14:30:41', '', ''),
	('EquipmentStatus', 'KRCW-01EROB051', 'Idle', '2024-07-10 14:28:37', '', ''),
	('EquipmentStatus', 'KRCW-01EROB054', 'Run', '2024-07-10 16:34:31', '', ''),
	('EquipmentStatus', 'KRCW-01EROB055', 'Idle', '2024-07-10 15:33:15', '', ''),
	('EquipmentStatus', 'KRCW-01EROB056', 'Idle', '2024-07-10 15:33:35', '', ''),
	('EquipmentStatus', 'KRCW-01EROB063', 'Idle', '2024-07-10 16:34:41', '', ''),
	('EquipmentStatus', 'KRCW-01EROB064', 'Idle', '2024-07-10 16:35:15', '', ''),
	('EquipmentStatus', 'KRCW-01EROB065', 'Idle', '2024-07-10 16:35:21', '', ''),
	('EquipmentStatus', 'KRCW-01EROB067', 'Idle', '2024-07-10 16:33:22', '', ''),
	('EquipmentStatus', 'KRCW-01EROB068', 'Idle', '2024-07-10 16:33:42', '', ''),
	('EquipmentStatus', 'KRCW-01EROB070', 'Idle', '2024-07-10 16:33:51', '', ''),
	('EquipmentStatus', 'KRCW-01EROB071', 'Idle', '2024-07-10 16:32:07', '', ''),
	('EquipmentStatus', 'KRCW-01EROB072', 'Idle', '2024-07-10 16:31:20', '', ''),
	('EquipmentStatus', 'KRCW-01EROB073', 'Idle', '2024-07-10 16:30:38', '', ''),
	('EquipmentStatus', 'KRCW-01EROB074', 'Idle', '2024-07-10 14:35:11', '', ''),
	('EquipmentStatus', 'KRCW-01EROB075', 'Idle', '2024-07-10 14:42:12', '', ''),
	('EquipmentStatus', 'KRCW-01EROB076', 'Run', '2024-07-10 14:43:36', '', ''),
	('EquipmentStatus', 'KRCW-01EROM001', 'Idle', '2024-07-10 15:33:48', '', ''),
	('EquipmentStatus', 'KRCW-01EROM002', 'Idle', '2024-07-10 15:34:08', '', ''),
	('EquipmentStatus', 'KRCW-01ESUM006', 'Run', '2024-07-10 14:42:08', '', ''),
	('EquipmentStatus', 'KRCW-01ESUU001', 'Idle', '2024-07-10 15:38:33', '', ''),
	('EquipmentStatus', 'KRCW-01ESUU002', 'Idle', '2024-07-10 15:38:52', '', ''),
	('EquipmentStatus', 'KRCW-01ESUU003', 'Idle', '2024-07-10 15:39:39', '', ''),
	('EquipmentStatus', 'KRCW-01ESUU004', 'Idle', '2024-07-10 15:39:21', '', ''),
	('EquipmentStatus', 'KRCW-01ESUU005', 'Idle', '2024-07-10 15:35:56', '', ''),
	('EquipmentStatus', 'KRCW-01ETAA001', 'Idle', '2024-07-10 14:37:20', '', ''),
	('EquipmentStatus', 'KRCW-01ETHT006', 'Run', '2024-07-10 14:39:59', '', ''),
	('EquipmentStatus', 'KRCW-01ETHT007', 'Idle', '2024-07-10 15:37:58', '', ''),
	('EquipmentStatus', 'KRCW-01EWEM013', 'Idle', '2024-07-10 14:36:46', '', ''),
	('EquipmentStatus', 'KRCW-01EWEM015', 'Idle', '2024-07-10 14:37:36', '', ''),
	('EquipmentStatus', 'KRCW-01EWEM016', 'Idle', '2024-07-10 14:37:51', '', ''),
	('EquipmentStatus', 'KRCW-01EWEM020', 'Idle', '2024-07-10 14:38:06', '', ''),
	('EquipmentStatus', 'KRCW-01EWEM021', 'Idle', '2024-07-10 14:38:23', '', ''),
	('EquipmentStatus', 'KRCW-01EWEM022', 'Idle', '2024-07-10 14:37:02', '', ''),
	('EquipmentStatus', 'KRCW-01EWEM023', 'Idle', '2024-07-10 14:37:20', '', ''),
	('EquipmentStatus', 'KRCW-02ER1A001', 'Run', '2024-07-10 16:33:50', '', ''),
	('EquipmentStatus', 'KRCW-02ER1B001', 'Run', '2024-07-10 15:14:42', '', ''),
	('EquipmentStatus', 'KRCW-02ER1C001', 'Idle', '2024-07-10 14:24:50', '', ''),
	('CycleTime', 'KRCW-01EROM001', '13.00', '2024-07-10 15:33:48', '', ''),
	('CycleTime', 'KRCW-01EROM002', '20.00', '2024-07-10 15:34:08', '', ''),
	('CycleTime', 'KRCW-01EETC061', '1.00', '2024-07-10 15:34:09', '', ''),
	('CycleTime', 'KRCW-01EROB063', '31.00', '2024-07-10 16:34:41', '', ''),
	('CycleTime', 'KRCW-01EROB054', '12.00', '2024-07-10 16:34:31', '', ''),
	('CycleTime', 'KRCW-01EROB064', '22.00', '2024-07-10 16:35:15', '', ''),
	('CycleTime', 'KRCW-01EROB065', '6.00', '2024-07-10 16:35:21', '', ''),
	('CycleTime', 'KRCW-01EROB067', '36.00', '2024-07-10 16:33:22', '', ''),
	('CycleTime', 'KRCW-01EROB068', '34.00', '2024-07-10 16:33:42', '', ''),
	('CycleTime', 'KRCW-01EROB070', '33.00', '2024-07-10 16:33:51', '', ''),
	('CycleTime', 'KRCW-01EROB071', '13.00', '2024-07-10 16:32:07', '', ''),
	('CycleTime', 'KRCW-01EROB072', '9.00', '2024-07-10 16:31:20', '', ''),
	('CycleTime', 'KRCW-01EROB073', '12.00', '2024-07-10 16:30:38', '', ''),
	('CycleTime', 'KRCW-01EROB055', '27.00', '2024-07-10 15:33:15', '', ''),
	('CycleTime', 'KRCW-01EROB056', '17.00', '2024-07-10 15:33:35', '', ''),
	('CycleTime', 'KRCW-01EINM052', '13.00', '2024-07-10 15:34:22', '', ''),
	('CycleTime', 'KRCW-01EATT020', '12.00', '2024-07-10 15:34:33', '', ''),
	('CycleTime', 'KRCW-01EINM051', '133.00', '2024-07-10 15:36:46', '', ''),
	('CycleTime', 'KRCW-01EINM061', '8.00', '2024-07-10 15:36:55', '', ''),
	('CycleTime', 'KRCW-01EETC063', '12.00', '2024-07-10 15:37:07', '', ''),
	('CycleTime', 'KRCW-01EINM058', '10.00', '2024-07-10 15:37:17', '', ''),
	('CycleTime', 'KRCW-01EETC062', '6.00', '2024-07-10 15:37:23', '', ''),
	('CycleTime', 'KRCW-01EATT021', '20.00', '2024-07-10 15:37:43', '', ''),
	('CycleTime', 'KRCW-01ETHT007', '13.00', '2024-07-10 15:37:58', '', ''),
	('CycleTime', 'KRCW-01EINM053', '12.00', '2024-07-10 15:38:10', '', ''),
	('CycleTime', 'KRCW-01ELAB007', '7.00', '2024-07-10 15:38:17', '', ''),
	('CycleTime', 'KRCW-02ER1A001', '13.00', '2024-07-10 16:33:50', '', ''),
	('CycleTime', 'KRCW-01EPAC001', '43.00', '2024-07-10 14:34:44', '', ''),
	('CycleTime', 'KRCW-01EROB075', '2.00', '2024-07-10 14:42:12', '', ''),
	('CycleTime', 'KRCW-01EROB076', '14.00', '2024-07-10 14:43:36', '', ''),
	('CycleTime', 'KRCW-01EINM044', '17.00', '2024-07-10 14:41:58', '', ''),
	('CycleTime', 'KRCW-01EETC046', '9.00', '2024-07-10 14:40:24', '', ''),
	('CycleTime', 'KRCW-01EINM060', '9.00', '2024-07-10 14:41:01', '', ''),
	('CycleTime', 'KRCW-01EINM045', '10.00', '2024-07-10 14:39:52', '', ''),
	('CycleTime', 'KRCW-01EINM059', '9.00', '2024-07-10 14:39:40', '', ''),
	('CycleTime', 'KRCW-01ETAA001', '19.00', '2024-07-10 14:37:20', '', ''),
	('CycleTime', 'KRCW-01EINM046', '13.00', '2024-07-10 14:40:37', '', ''),
	('CycleTime', 'KRCW-01EINM047', '9.00', '2024-07-10 14:40:46', '', ''),
	('CycleTime', 'KRCW-01EPPB002', '8.00', '2024-07-10 14:35:31', '', ''),
	('CycleTime', 'KRCW-01EPPB003', '11.00', '2024-07-10 14:38:44', '', ''),
	('CycleTime', 'KRCW-01EPPB004', '8.00', '2024-07-10 14:34:38', '', ''),
	('CycleTime', 'KRCW-01EPPB005', '6.00', '2024-07-10 14:38:00', '', ''),
	('CycleTime', 'KRCW-02ER1B001', '13.00', '2024-07-10 15:14:42', '', ''),
	('CycleTime', 'KRCW-01EETC043', '11.00', '2024-07-10 15:15:08', '', ''),
	('CycleTime', 'KRCW-01EETC042', '10.00', '2024-07-10 15:13:46', '', ''),
	('CycleTime', 'KRCW-01ELOM002', '15.00', '2024-07-10 15:12:01', '', ''),
	('CycleTime', 'KRCW-01EETC041', '14.00', '2024-07-10 15:12:40', '', ''),
	('CycleTime', 'KRCW-01EETC045', '9.00', '2024-07-10 15:10:58', '', ''),
	('CycleTime', 'KRCW-01ELOM001', '12.00', '2024-07-10 15:11:13', '', ''),
	('CycleTime', 'KRCW-01EETC044', '8.00', '2024-07-10 15:11:21', '', ''),
	('CycleTime', 'KRCW-01ELIF026', '17.00', '2024-07-10 15:11:30', '', ''),
	('CycleTime', 'KRCW-01EROB074', '11.00', '2024-07-10 14:35:11', '', ''),
	('CycleTime', 'KRCW-01EETC025', '15.00', '2024-07-10 15:31:15', '', ''),
	('CycleTime', 'KRCW-01EINP001', '39.00', '2024-07-10 15:19:54', '', ''),
	('CycleTime', 'KRCW-01EINP002', '43.00', '2024-07-10 15:18:57', '', ''),
	('CycleTime', 'KRCW-01EPRF010', '17.00', '2024-07-10 15:34:59', '', ''),
	('CycleTime', 'KRCW-01EETC032', '15.00', '2024-07-10 15:22:54', '', ''),
	('CycleTime', 'KRCW-01EETC033', '17.00', '2024-07-10 15:23:11', '', ''),
	('CycleTime', 'KRCW-01EETC026', '14.00', '2024-07-10 15:27:12', '', ''),
	('CycleTime', 'KRCW-01ECEM001', '22.00', '2024-07-10 15:31:19', '', ''),
	('CycleTime', 'KRCW-01ECEM002', '25.00', '2024-07-10 15:32:15', '', ''),
	('CycleTime', 'KRCW-01ESUU001', '16.00', '2024-07-10 15:38:33', '', ''),
	('CycleTime', 'KRCW-01EROB045', '18.00', '2024-07-10 15:17:24', '', ''),
	('CycleTime', 'KRCW-01EETC028', '16.00', '2024-07-10 15:27:41', '', ''),
	('CycleTime', 'KRCW-01EPRF011', '15.00', '2024-07-10 15:35:53', '', ''),
	('CycleTime', 'KRCW-01EPRF012', '17.00', '2024-07-10 15:34:42', '', ''),
	('CycleTime', 'KRCW-01ECON027', '17.00', '2024-07-10 15:23:23', '', ''),
	('CycleTime', 'KRCW-01EETC027', '18.00', '2024-07-10 15:27:22', '', ''),
	('CycleTime', 'KRCW-01ESUU002', '17.00', '2024-07-10 15:38:52', '', ''),
	('CycleTime', 'KRCW-01ESUU004', '31.00', '2024-07-10 15:39:21', '', ''),
	('CycleTime', 'KRCW-01ESUU003', '18.00', '2024-07-10 15:39:39', '', ''),
	('CycleTime', 'KRCW-01ESUU005', '24.00', '2024-07-10 15:35:56', '', ''),
	('CycleTime', 'KRCW-01ECEM003', '16.00', '2024-07-10 15:31:35', '', ''),
	('CycleTime', 'KRCW-01ECON029', '18.00', '2024-07-10 15:22:10', '', ''),
	('CycleTime', 'KRCW-01EETC031', '16.00', '2024-07-10 15:21:38', '', ''),
	('CycleTime', 'KRCW-01EETC029', '16.00', '2024-07-10 15:25:27', '', ''),
	('CycleTime', 'KRCW-01EETC030', '14.00', '2024-07-10 15:25:44', '', ''),
	('CycleTime', 'KRCW-01ECON028', '16.00', '2024-07-10 15:23:51', '', ''),
	('CycleTime', 'KRCW-01ELAB008', '4.00', '2024-07-10 14:35:27', '', ''),
	('CycleTime', 'KRCW-01EETC050', '17.00', '2024-07-10 14:36:28', '', ''),
	('CycleTime', 'KRCW-01EWEM013', '18.00', '2024-07-10 14:36:46', '', ''),
	('CycleTime', 'KRCW-01EWEM022', '16.00', '2024-07-10 14:37:02', '', ''),
	('CycleTime', 'KRCW-01EWEM023', '18.00', '2024-07-10 14:37:20', '', ''),
	('CycleTime', 'KRCW-01EWEM015', '15.00', '2024-07-10 14:37:36', '', ''),
	('CycleTime', 'KRCW-01EWEM016', '15.00', '2024-07-10 14:37:51', '', ''),
	('CycleTime', 'KRCW-01EWEM020', '15.00', '2024-07-10 14:38:06', '', ''),
	('CycleTime', 'KRCW-01EWEM021', '17.00', '2024-07-10 14:38:23', '', ''),
	('CycleTime', 'KRCW-01EETC048', '15.00', '2024-07-10 14:33:03', '', ''),
	('CycleTime', 'KRCW-01ELAB005', '18.00', '2024-07-10 14:35:45', '', ''),
	('CycleTime', 'KRCW-01ELAM011', '9.00', '2024-07-10 14:32:53', '', ''),
	('CycleTime', 'KRCW-01EETC051', '7.00', '2024-07-10 14:35:52', '', ''),
	('CycleTime', 'KRCW-01EETC078', '5.00', '2024-07-10 14:35:57', '', ''),
	('CycleTime', 'KRCW-01EATT018', '16.00', '2024-07-10 14:38:39', '', ''),
	('CycleTime', 'KRCW-01EROB049', '7.00', '2024-07-10 14:30:32', '', ''),
	('CycleTime', 'KRCW-01EROB050', '9.00', '2024-07-10 14:30:41', '', ''),
	('CycleTime', 'KRCW-01EROB051', '7.00', '2024-07-10 14:28:37', '', ''),
	('CycleTime', 'KRCW-01EATT019', '17.00', '2024-07-10 14:32:42', '', ''),
	('CycleTime', 'KRCW-01ELAB009', '12.00', '2024-07-10 14:36:11', '', ''),
	('CycleTime', 'KRCW-01ELAB006', '6.00', '2024-07-10 14:32:48', '', ''),
	('CycleTime', 'KRCW-02ER1C001', '13.00', '2024-07-10 14:24:50', '', ''),
	('CycleTime', 'KRCW-01ELAM006', '1,273.00', '2024-07-10 14:46:03', '', ''),
	('CycleTime', 'KRCW-01ELAM007', '4.00', '2024-07-10 14:46:07', '', ''),
	('CycleTime', 'KRCW-01ELAM008', '2.00', '2024-07-10 14:46:09', '', ''),
	('CycleTime', 'KRCW-01ELAM009', '2.00', '2024-07-10 14:46:06', '', ''),
	('CycleTime', 'KRCW-01ELAM010', '5.00', '2024-07-10 14:42:51', '', ''),
	('CycleTime', 'KRCW-01EETC034', '14.00', '2024-07-10 14:41:04', '', ''),
	('CycleTime', 'KRCW-01EINM054', '11.00', '2024-07-10 14:42:01', '', ''),
	('CycleTime', 'KRCW-01EETC057', '9.00', '2024-07-10 14:42:10', '', ''),
	('CycleTime', 'KRCW-01EETC058', '14.00', '2024-07-10 14:41:18', '', ''),
	('CycleTime', 'KRCW-01ELOA016', '11.00', '2024-07-10 14:43:19', '', ''),
	('CycleTime', 'KRCW-01EETC035', '8.00', '2024-07-10 14:43:27', '', ''),
	('CycleTime', 'KRCW-01EETC060', '170.00', '2024-07-10 14:41:16', '', ''),
	('CycleTime', 'KRCW-01EINM057', '10.00', '2024-07-10 14:43:41', '', ''),
	('CycleTime', 'KRCW-01EETC040', '56.00', '2024-07-10 14:40:18', '', ''),
	('CycleTime', 'KRCW-01ELIF037', '17.00', '2024-07-10 14:41:43', '', ''),
	('CycleTime', 'KRCW-01ETHT006', '10.00', '2024-07-10 14:39:59', '', ''),
	('CycleTime', 'KRCW-01ESUM006', '10.00', '2024-07-10 14:42:08', '', ''),
	('CycleTime', 'KRCW-01ELQI005', '18.00', '2024-07-10 14:40:55', '', ''),
	('CycleTime', 'KRCW-01ELIF027', '62.00', '2024-07-10 14:41:57', '', ''),
	('EquipmentStartDateTime', 'KRCW-01EATT018', '2024-07-10 14:38:23', '2024-07-10 16:40:41', '', ''),
	('EquipmentStartDateTime', 'KRCW-01EATT019', '2024-07-10 14:32:02', '2024-07-10 16:35:57', '', ''),
	('EquipmentStartDateTime', 'KRCW-01EATT020', '2024-07-10 15:34:10', '2024-07-10 16:13:24', '', ''),
	('EquipmentStartDateTime', 'KRCW-01EATT021', '2024-07-10 15:37:05', '2024-07-10 16:31:39', '', ''),
	('EquipmentStartDateTime', 'KRCW-01ECEM001', '2024-07-10 15:31:23', '2024-07-10 16:39:17', '', ''),
	('EquipmentStartDateTime', 'KRCW-01ECEM002', '2024-07-10 15:30:29', '2024-07-10 16:41:17', '', ''),
	('EquipmentStartDateTime', 'KRCW-01ECEM003', '2024-07-10 15:31:48', '2024-07-10 16:41:17', '', ''),
	('EquipmentStartDateTime', 'KRCW-01ECON027', '2024-07-10 15:22:18', '2024-07-10 16:41:17', '', ''),
	('EquipmentStartDateTime', 'KRCW-01ECON028', '2024-07-10 15:23:23', '2024-07-10 16:41:17', '', ''),
	('EquipmentStartDateTime', 'KRCW-01ECON029', '2024-07-10 15:20:56', '2024-07-10 16:41:17', '', ''),
	('EquipmentStartDateTime', 'KRCW-01EETC025', '2024-07-10 15:29:45', '2024-07-10 16:41:17', '', ''),
	('EquipmentStartDateTime', 'KRCW-01EETC026', '2024-07-10 15:26:56', '2024-07-10 16:41:17', '', ''),
	('EquipmentStartDateTime', 'KRCW-01EETC027', '2024-07-10 15:26:51', '2024-07-10 16:39:17', '', ''),
	('EquipmentStartDateTime', 'KRCW-01EETC028', '2024-07-10 15:27:09', '2024-07-10 16:41:17', '', ''),
	('EquipmentStartDateTime', 'KRCW-01EETC029', '2024-07-10 15:24:56', '2024-07-10 16:39:17', '', ''),
	('EquipmentStartDateTime', 'KRCW-01EETC030', '2024-07-10 15:25:15', '2024-07-10 16:41:17', '', ''),
	('EquipmentStartDateTime', 'KRCW-01EETC031', '2024-07-10 15:19:32', '2024-07-10 16:41:17', '', ''),
	('EquipmentStartDateTime', 'KRCW-01EETC032', '2024-07-10 15:22:34', '2024-07-10 16:39:17', '', ''),
	('EquipmentStartDateTime', 'KRCW-01EETC033', '2024-07-10 15:22:51', '2024-07-10 16:41:17', '', ''),
	('EquipmentStartDateTime', 'KRCW-01EETC034', '2024-07-10 14:41:09', '2024-07-10 16:39:45', '', ''),
	('EquipmentStartDateTime', 'KRCW-01EETC035', '2024-07-10 14:41:16', '2024-07-10 16:39:02', '', ''),
	('EquipmentStartDateTime', 'KRCW-01EETC040', '2024-07-10 14:40:27', '2024-07-10 16:39:45', '', ''),
	('EquipmentStartDateTime', 'KRCW-01EETC041', '2024-07-10 15:10:58', '2024-07-10 16:40:00', '', ''),
	('EquipmentStartDateTime', 'KRCW-01EETC042', '2024-07-10 15:13:57', '2024-07-10 16:41:15', '', ''),
	('EquipmentStartDateTime', 'KRCW-01EETC043', '2024-07-10 15:13:46', '2024-07-10 16:40:00', '', ''),
	('EquipmentStartDateTime', 'KRCW-01EETC044', '2024-07-10 15:11:30', '2024-07-10 16:40:00', '', ''),
	('EquipmentStartDateTime', 'KRCW-01EETC045', '2024-07-10 15:11:14', '2024-07-10 16:41:15', '', ''),
	('EquipmentStartDateTime', 'KRCW-01EETC046', '2024-07-10 14:40:37', '2024-07-10 16:35:51', '', ''),
	('EquipmentStartDateTime', 'KRCW-01EETC048', '2024-07-10 14:32:25', '2024-07-10 16:40:41', '', ''),
	('EquipmentStartDateTime', 'KRCW-01EETC050', '2024-07-10 14:36:11', '2024-07-10 16:27:32', '', ''),
	('EquipmentStartDateTime', 'KRCW-01EETC051', '2024-07-10 14:35:45', '2024-07-10 16:18:50', '', ''),
	('EquipmentStartDateTime', 'KRCW-01EETC057', '2024-07-10 14:41:18', '2024-07-10 16:39:02', '', ''),
	('EquipmentStartDateTime', 'KRCW-01EETC058', '2024-07-10 14:41:27', '2024-07-10 16:39:45', '', ''),
	('EquipmentStartDateTime', 'KRCW-01EETC060', '2024-07-10 14:41:23', '2024-07-10 16:39:45', '', ''),
	('EquipmentStartDateTime', 'KRCW-01EETC061', '2024-07-10 15:33:58', '2024-07-10 16:07:51', '', ''),
	('EquipmentStartDateTime', 'KRCW-01EETC062', '2024-07-10 15:37:00', '2024-07-10 16:29:48', '', ''),
	('EquipmentStartDateTime', 'KRCW-01EETC063', '2024-07-10 15:36:39', '2024-07-10 16:27:23', '', ''),
	('EquipmentStartDateTime', 'KRCW-01EETC078', '2024-07-10 14:35:52', '2024-07-10 16:21:26', '', ''),
	('EquipmentStartDateTime', 'KRCW-01EINM044', '2024-07-10 14:42:12', '2024-07-10 16:40:36', '', ''),
	('EquipmentStartDateTime', 'KRCW-01EINM045', '2024-07-10 14:40:02', '2024-07-10 16:40:36', '', ''),
	('EquipmentStartDateTime', 'KRCW-01EINM046', '2024-07-10 14:40:47', '2024-07-10 16:37:17', '', ''),
	('EquipmentStartDateTime', 'KRCW-01EINM047', '2024-07-10 14:41:01', '2024-07-10 16:39:36', '', ''),
	('EquipmentStartDateTime', 'KRCW-01EINM051', '2024-07-10 15:34:22', '2024-07-10 16:17:28', '', ''),
	('EquipmentStartDateTime', 'KRCW-01EINM052', '2024-07-10 15:33:59', '2024-07-10 16:11:27', '', ''),
	('EquipmentStartDateTime', 'KRCW-01EINM053', '2024-07-10 15:37:37', '2024-07-10 16:34:04', '', ''),
	('EquipmentStartDateTime', 'KRCW-01EINM054', '2024-07-10 14:41:07', '2024-07-10 16:36:39', '', ''),
	('EquipmentStartDateTime', 'KRCW-01EINM057', '2024-07-10 14:40:18', '2024-07-10 16:39:02', '', ''),
	('EquipmentStartDateTime', 'KRCW-01EINM058', '2024-07-10 15:36:52', '2024-07-10 16:28:17', '', ''),
	('EquipmentStartDateTime', 'KRCW-01EINM059', '2024-07-10 14:39:50', '2024-07-10 16:40:36', '', ''),
	('EquipmentStartDateTime', 'KRCW-01EINM060', '2024-07-10 14:41:08', '2024-07-10 16:40:36', '', ''),
	('EquipmentStartDateTime', 'KRCW-01EINM061', '2024-07-10 15:36:30', '2024-07-10 16:19:46', '', ''),
	('EquipmentStartDateTime', 'KRCW-01EINP001', '2024-07-10 15:19:09', '2024-07-10 16:41:17', '', ''),
	('EquipmentStartDateTime', 'KRCW-01EINP002', '2024-07-10 15:17:31', '2024-07-10 16:41:17', '', ''),
	('EquipmentStartDateTime', 'KRCW-01ELAB005', '2024-07-10 14:35:27', '2024-07-10 16:17:32', '', ''),
	('EquipmentStartDateTime', 'KRCW-01ELAB006', '2024-07-10 14:32:19', '2024-07-10 16:38:28', '', ''),
	('EquipmentStartDateTime', 'KRCW-01ELAB007', '2024-07-10 15:37:50', '2024-07-10 16:34:55', '', ''),
	('EquipmentStartDateTime', 'KRCW-01ELAB008', '2024-07-10 14:35:11', '2024-07-10 16:15:34', '', ''),
	('EquipmentStartDateTime', 'KRCW-01ELAB009', '2024-07-10 14:35:58', '2024-07-10 16:22:50', '', ''),
	('EquipmentStartDateTime', 'KRCW-01ELAM006', '2024-07-10 14:23:01', '2024-07-10 16:35:28', '', ''),
	('EquipmentStartDateTime', 'KRCW-01ELAM007', '2024-07-10 14:46:01', '2024-07-10 16:36:39', '', ''),
	('EquipmentStartDateTime', 'KRCW-01ELAM008', '2024-07-10 14:46:06', '2024-07-10 16:39:02', '', ''),
	('EquipmentStartDateTime', 'KRCW-01ELAM009', '2024-07-10 14:46:09', '2024-07-10 16:39:45', '', ''),
	('EquipmentStartDateTime', 'KRCW-01ELAM010', '2024-07-10 14:41:04', '2024-07-10 16:39:02', '', ''),
	('EquipmentStartDateTime', 'KRCW-01ELAM011', '2024-07-10 14:30:48', '2024-07-10 16:40:41', '', ''),
	('EquipmentStartDateTime', 'KRCW-01ELIF026', '2024-07-10 15:11:38', '2024-07-10 16:41:15', '', ''),
	('EquipmentStartDateTime', 'KRCW-01ELIF027', '2024-07-10 14:42:18', '2024-07-10 16:37:53', '', ''),
	('EquipmentStartDateTime', 'KRCW-01ELIF037', '2024-07-10 14:42:42', '2024-07-10 16:39:45', '', ''),
	('EquipmentStartDateTime', 'KRCW-01ELOA016', '2024-07-10 14:41:02', '2024-07-10 16:36:39', '', ''),
	('EquipmentStartDateTime', 'KRCW-01ELOM001', '2024-07-10 15:11:15', '2024-07-10 16:37:45', '', ''),
	('EquipmentStartDateTime', 'KRCW-01ELOM002', '2024-07-10 15:12:12', '2024-07-10 16:41:15', '', ''),
	('EquipmentStartDateTime', 'KRCW-01ELQI005', '2024-07-10 14:42:03', '2024-07-10 16:35:41', '', ''),
	('EquipmentStartDateTime', 'KRCW-01EPAC001', '2024-07-10 14:34:50', '2024-07-10 16:37:35', '', ''),
	('EquipmentStartDateTime', 'KRCW-01EPPB002', '2024-07-10 14:35:50', '2024-07-10 16:40:36', '', ''),
	('EquipmentStartDateTime', 'KRCW-01EPPB003', '2024-07-10 14:34:38', '2024-07-10 16:39:36', '', ''),
	('EquipmentStartDateTime', 'KRCW-01EPPB004', '2024-07-10 14:34:47', '2024-07-10 16:40:36', '', ''),
	('EquipmentStartDateTime', 'KRCW-01EPPB005', '2024-07-10 14:34:44', '2024-07-10 16:35:51', '', ''),
	('EquipmentStartDateTime', 'KRCW-01EPRF010', '2024-07-10 15:31:43', '2024-07-10 16:41:17', '', ''),
	('EquipmentStartDateTime', 'KRCW-01EPRF011', '2024-07-10 15:35:16', '2024-07-10 16:41:17', '', ''),
	('EquipmentStartDateTime', 'KRCW-01EPRF012', '2024-07-10 15:31:26', '2024-07-10 16:39:17', '', ''),
	('EquipmentStartDateTime', 'KRCW-01EROB045', '2024-07-10 15:16:49', '2024-07-10 16:41:17', '', ''),
	('EquipmentStartDateTime', 'KRCW-01EROB049', '2024-07-10 14:29:03', '2024-07-10 16:38:28', '', ''),
	('EquipmentStartDateTime', 'KRCW-01EROB050', '2024-07-10 14:29:11', '2024-07-10 16:40:41', '', ''),
	('EquipmentStartDateTime', 'KRCW-01EROB051', '2024-07-10 14:26:26', '2024-07-10 16:40:41', '', ''),
	('EquipmentStartDateTime', 'KRCW-01EROB054', '2024-07-10 16:34:45', '2024-07-10 16:37:47', '', ''),
	('EquipmentStartDateTime', 'KRCW-01EROB055', '2024-07-10 15:32:39', '2024-07-10 15:57:26', '', ''),
	('EquipmentStartDateTime', 'KRCW-01EROB056', '2024-07-10 15:33:07', '2024-07-10 15:59:21', '', ''),
	('EquipmentStartDateTime', 'KRCW-01EROB063', '2024-07-10 16:34:32', '2024-07-10 16:35:53', '', ''),
	('EquipmentStartDateTime', 'KRCW-01EROB064', '2024-07-10 16:34:45', '2024-07-10 16:38:43', '', ''),
	('EquipmentStartDateTime', 'KRCW-01EROB065', '2024-07-10 16:35:11', '2024-07-10 16:40:29', '', ''),
	('EquipmentStartDateTime', 'KRCW-01EROB067', '2024-07-10 16:32:46', '2024-07-10 16:40:29', '', ''),
	('EquipmentStartDateTime', 'KRCW-01EROB068', '2024-07-10 16:32:49', '2024-07-10 16:40:29', '', ''),
	('EquipmentStartDateTime', 'KRCW-01EROB070', '2024-07-10 16:31:47', '2024-07-10 16:40:29', '', ''),
	('EquipmentStartDateTime', 'KRCW-01EROB071', '2024-07-10 16:31:09', '2024-07-10 16:40:29', '', ''),
	('EquipmentStartDateTime', 'KRCW-01EROB072', '2024-07-10 16:30:33', '2024-07-10 16:40:29', '', ''),
	('EquipmentStartDateTime', 'KRCW-01EROB073', '2024-07-10 16:30:25', '2024-07-10 16:40:29', '', ''),
	('EquipmentStartDateTime', 'KRCW-01EROB074', '2024-07-10 14:35:00', '2024-07-10 16:13:47', '', ''),
	('EquipmentStartDateTime', 'KRCW-01EROB075', '2024-07-10 14:43:24', '2024-07-10 16:39:36', '', ''),
	('EquipmentStartDateTime', 'KRCW-01EROB076', '2024-07-10 14:43:39', '2024-07-10 16:41:07', '', ''),
	('EquipmentStartDateTime', 'KRCW-01EROM001', '2024-07-10 15:33:26', '2024-07-10 16:02:58', '', ''),
	('EquipmentStartDateTime', 'KRCW-01EROM002', '2024-07-10 15:33:38', '2024-07-10 16:05:51', '', ''),
	('EquipmentStartDateTime', 'KRCW-01ESUM006', '2024-07-10 14:42:19', '2024-07-10 16:39:52', '', ''),
	('EquipmentStartDateTime', 'KRCW-01ESUU001', '2024-07-10 15:37:56', '2024-07-10 16:36:26', '', ''),
	('EquipmentStartDateTime', 'KRCW-01ESUU002', '2024-07-10 15:38:13', '2024-07-10 16:37:50', '', ''),
	('EquipmentStartDateTime', 'KRCW-01ESUU003', '2024-07-10 15:38:58', '2024-07-10 16:41:17', '', ''),
	('EquipmentStartDateTime', 'KRCW-01ESUU004', '2024-07-10 15:38:31', '2024-07-10 16:39:17', '', ''),
	('EquipmentStartDateTime', 'KRCW-01ESUU005', '2024-07-10 15:35:39', '2024-07-10 16:41:17', '', ''),
	('EquipmentStartDateTime', 'KRCW-01ETAA001', '2024-07-10 14:35:31', '2024-07-10 16:39:36', '', ''),
	('EquipmentStartDateTime', 'KRCW-01ETHT006', '2024-07-10 14:40:17', '2024-07-10 16:39:45', '', ''),
	('EquipmentStartDateTime', 'KRCW-01ETHT007', '2024-07-10 15:37:25', '2024-07-10 16:32:32', '', ''),
	('EquipmentStartDateTime', 'KRCW-01EWEM013', '2024-07-10 14:36:28', '2024-07-10 16:28:30', '', ''),
	('EquipmentStartDateTime', 'KRCW-01EWEM015', '2024-07-10 14:37:20', '2024-07-10 16:32:54', '', ''),
	('EquipmentStartDateTime', 'KRCW-01EWEM016', '2024-07-10 14:37:36', '2024-07-10 16:34:58', '', ''),
	('EquipmentStartDateTime', 'KRCW-01EWEM020', '2024-07-10 14:37:51', '2024-07-10 16:35:57', '', ''),
	('EquipmentStartDateTime', 'KRCW-01EWEM021', '2024-07-10 14:38:06', '2024-07-10 16:38:28', '', ''),
	('EquipmentStartDateTime', 'KRCW-01EWEM022', '2024-07-10 14:36:46', '2024-07-10 16:30:22', '', ''),
	('EquipmentStartDateTime', 'KRCW-01EWEM023', '2024-07-10 14:37:02', '2024-07-10 16:31:42', '', ''),
	('EquipmentStartDateTime', 'KRCW-02ER1A001', '2024-07-10 16:34:03', '2024-07-10 16:34:47', '', ''),
	('EquipmentStartDateTime', 'KRCW-02ER1B001', '2024-07-10 15:14:57', '2024-07-10 16:40:51', '', ''),
	('EquipmentStartDateTime', 'KRCW-02ER1C001', '2024-07-10 14:22:49', '2024-07-10 16:34:15', '', ''),
	('EquipmentEndDateTime', 'KRCW-01EATT018', '2024-07-10 14:38:39', '2024-07-10 16:40:41', '', ''),
	('EquipmentEndDateTime', 'KRCW-01EATT019', '2024-07-10 14:32:42', '2024-07-10 16:35:57', '', ''),
	('EquipmentEndDateTime', 'KRCW-01EATT020', '2024-07-10 15:34:33', '2024-07-10 16:13:24', '', ''),
	('EquipmentEndDateTime', 'KRCW-01EATT021', '2024-07-10 15:37:43', '2024-07-10 16:31:39', '', ''),
	('EquipmentEndDateTime', 'KRCW-01ECEM001', '2024-07-10 15:31:19', '2024-07-10 16:39:17', '', ''),
	('EquipmentEndDateTime', 'KRCW-01ECEM002', '2024-07-10 15:32:15', '2024-07-10 16:41:17', '', ''),
	('EquipmentEndDateTime', 'KRCW-01ECEM003', '2024-07-10 15:31:35', '2024-07-10 16:41:17', '', ''),
	('EquipmentEndDateTime', 'KRCW-01ECON027', '2024-07-10 15:23:23', '2024-07-10 16:41:17', '', ''),
	('EquipmentEndDateTime', 'KRCW-01ECON028', '2024-07-10 15:23:51', '2024-07-10 16:41:17', '', ''),
	('EquipmentEndDateTime', 'KRCW-01ECON029', '2024-07-10 15:22:10', '2024-07-10 16:41:17', '', ''),
	('EquipmentEndDateTime', 'KRCW-01EETC025', '2024-07-10 15:31:15', '2024-07-10 16:41:17', '', ''),
	('EquipmentEndDateTime', 'KRCW-01EETC026', '2024-07-10 15:27:12', '2024-07-10 16:41:17', '', ''),
	('EquipmentEndDateTime', 'KRCW-01EETC027', '2024-07-10 15:27:22', '2024-07-10 16:39:17', '', ''),
	('EquipmentEndDateTime', 'KRCW-01EETC028', '2024-07-10 15:27:41', '2024-07-10 16:41:17', '', ''),
	('EquipmentEndDateTime', 'KRCW-01EETC029', '2024-07-10 15:25:27', '2024-07-10 16:39:17', '', ''),
	('EquipmentEndDateTime', 'KRCW-01EETC030', '2024-07-10 15:25:44', '2024-07-10 16:41:17', '', ''),
	('EquipmentEndDateTime', 'KRCW-01EETC031', '2024-07-10 15:21:38', '2024-07-10 16:41:17', '', ''),
	('EquipmentEndDateTime', 'KRCW-01EETC032', '2024-07-10 15:22:54', '2024-07-10 16:39:17', '', ''),
	('EquipmentEndDateTime', 'KRCW-01EETC033', '2024-07-10 15:23:11', '2024-07-10 16:41:17', '', ''),
	('EquipmentEndDateTime', 'KRCW-01EETC034', '2024-07-10 14:41:50', '2024-07-10 16:39:45', '', ''),
	('EquipmentEndDateTime', 'KRCW-01EETC035', '2024-07-10 14:43:27', '2024-07-10 16:39:02', '', ''),
	('EquipmentEndDateTime', 'KRCW-01EETC040', '2024-07-10 14:41:12', '2024-07-10 16:39:45', '', ''),
	('EquipmentEndDateTime', 'KRCW-01EETC041', '2024-07-10 15:12:40', '2024-07-10 16:40:00', '', ''),
	('EquipmentEndDateTime', 'KRCW-01EETC042', '2024-07-10 15:14:12', '2024-07-10 16:41:15', '', ''),
	('EquipmentEndDateTime', 'KRCW-01EETC043', '2024-07-10 15:15:08', '2024-07-10 16:40:00', '', ''),
	('EquipmentEndDateTime', 'KRCW-01EETC044', '2024-07-10 15:11:21', '2024-07-10 16:40:00', '', ''),
	('EquipmentEndDateTime', 'KRCW-01EETC045', '2024-07-10 15:11:01', '2024-07-10 16:41:15', '', ''),
	('EquipmentEndDateTime', 'KRCW-01EETC046', '2024-07-10 14:40:24', '2024-07-10 16:35:51', '', ''),
	('EquipmentEndDateTime', 'KRCW-01EETC048', '2024-07-10 14:33:03', '2024-07-10 16:40:41', '', ''),
	('EquipmentEndDateTime', 'KRCW-01EETC050', '2024-07-10 14:36:28', '2024-07-10 16:27:32', '', ''),
	('EquipmentEndDateTime', 'KRCW-01EETC051', '2024-07-10 14:35:52', '2024-07-10 16:18:50', '', ''),
	('EquipmentEndDateTime', 'KRCW-01EETC057', '2024-07-10 14:42:10', '2024-07-10 16:39:02', '', ''),
	('EquipmentEndDateTime', 'KRCW-01EETC058', '2024-07-10 14:43:08', '2024-07-10 16:39:45', '', ''),
	('EquipmentEndDateTime', 'KRCW-01EETC060', '2024-07-10 14:43:31', '2024-07-10 16:39:45', '', ''),
	('EquipmentEndDateTime', 'KRCW-01EETC061', '2024-07-10 15:34:09', '2024-07-10 16:07:51', '', ''),
	('EquipmentEndDateTime', 'KRCW-01EETC062', '2024-07-10 15:37:23', '2024-07-10 16:29:48', '', ''),
	('EquipmentEndDateTime', 'KRCW-01EETC063', '2024-07-10 15:37:07', '2024-07-10 16:27:23', '', ''),
	('EquipmentEndDateTime', 'KRCW-01EETC078', '2024-07-10 14:35:57', '2024-07-10 16:21:26', '', ''),
	('EquipmentEndDateTime', 'KRCW-01EINM044', '2024-07-10 14:40:15', '2024-07-10 16:40:36', '', ''),
	('EquipmentEndDateTime', 'KRCW-01EINM045', '2024-07-10 14:40:54', '2024-07-10 16:40:36', '', ''),
	('EquipmentEndDateTime', 'KRCW-01EINM046', '2024-07-10 14:40:37', '2024-07-10 16:37:17', '', ''),
	('EquipmentEndDateTime', 'KRCW-01EINM047', '2024-07-10 14:40:46', '2024-07-10 16:39:36', '', ''),
	('EquipmentEndDateTime', 'KRCW-01EINM051', '2024-07-10 15:36:46', '2024-07-10 16:17:28', '', ''),
	('EquipmentEndDateTime', 'KRCW-01EINM052', '2024-07-10 15:34:22', '2024-07-10 16:11:27', '', ''),
	('EquipmentEndDateTime', 'KRCW-01EINM053', '2024-07-10 15:38:10', '2024-07-10 16:34:04', '', ''),
	('EquipmentEndDateTime', 'KRCW-01EINM054', '2024-07-10 14:42:01', '2024-07-10 16:36:39', '', ''),
	('EquipmentEndDateTime', 'KRCW-01EINM057', '2024-07-10 14:43:41', '2024-07-10 16:39:02', '', ''),
	('EquipmentEndDateTime', 'KRCW-01EINM058', '2024-07-10 15:37:17', '2024-07-10 16:28:17', '', ''),
	('EquipmentEndDateTime', 'KRCW-01EINM059', '2024-07-10 14:37:01', '2024-07-10 16:40:36', '', ''),
	('EquipmentEndDateTime', 'KRCW-01EINM060', '2024-07-10 14:43:57', '2024-07-10 16:40:36', '', ''),
	('EquipmentEndDateTime', 'KRCW-01EINM061', '2024-07-10 15:36:55', '2024-07-10 16:19:46', '', ''),
	('EquipmentEndDateTime', 'KRCW-01EINP001', '2024-07-10 15:19:54', '2024-07-10 16:41:17', '', ''),
	('EquipmentEndDateTime', 'KRCW-01EINP002', '2024-07-10 15:18:57', '2024-07-10 16:41:17', '', ''),
	('EquipmentEndDateTime', 'KRCW-01ELAB005', '2024-07-10 14:35:45', '2024-07-10 16:17:32', '', ''),
	('EquipmentEndDateTime', 'KRCW-01ELAB006', '2024-07-10 14:32:48', '2024-07-10 16:38:28', '', ''),
	('EquipmentEndDateTime', 'KRCW-01ELAB007', '2024-07-10 15:38:17', '2024-07-10 16:34:55', '', ''),
	('EquipmentEndDateTime', 'KRCW-01ELAB008', '2024-07-10 14:35:27', '2024-07-10 16:15:34', '', ''),
	('EquipmentEndDateTime', 'KRCW-01ELAB009', '2024-07-10 14:36:11', '2024-07-10 16:22:50', '', ''),
	('EquipmentEndDateTime', 'KRCW-01ELAM006', '2024-07-10 14:46:03', '2024-07-10 16:35:28', '', ''),
	('EquipmentEndDateTime', 'KRCW-01ELAM007', '2024-07-10 14:46:07', '2024-07-10 16:36:39', '', ''),
	('EquipmentEndDateTime', 'KRCW-01ELAM008', '2024-07-10 14:46:09', '2024-07-10 16:39:02', '', ''),
	('EquipmentEndDateTime', 'KRCW-01ELAM009', '2024-07-10 14:42:46', '2024-07-10 16:39:45', '', ''),
	('EquipmentEndDateTime', 'KRCW-01ELAM010', '2024-07-10 14:42:51', '2024-07-10 16:39:02', '', ''),
	('EquipmentEndDateTime', 'KRCW-01ELAM011', '2024-07-10 14:32:53', '2024-07-10 16:40:41', '', ''),
	('EquipmentEndDateTime', 'KRCW-01ELIF026', '2024-07-10 14:35:00', '2024-07-10 16:41:15', '', ''),
	('EquipmentEndDateTime', 'KRCW-01ELIF027', '2024-07-10 14:41:57', '2024-07-10 16:37:53', '', ''),
	('EquipmentEndDateTime', 'KRCW-01ELIF037', '2024-07-10 14:43:50', '2024-07-10 16:39:45', '', ''),
	('EquipmentEndDateTime', 'KRCW-01ELOA016', '2024-07-10 14:43:19', '2024-07-10 16:36:39', '', ''),
	('EquipmentEndDateTime', 'KRCW-01ELOM001', '2024-07-10 15:11:13', '2024-07-10 16:37:45', '', ''),
	('EquipmentEndDateTime', 'KRCW-01ELOM002', '2024-07-10 15:12:26', '2024-07-10 16:41:15', '', ''),
	('EquipmentEndDateTime', 'KRCW-01ELQI005', '2024-07-10 14:40:55', '2024-07-10 16:35:41', '', ''),
	('EquipmentEndDateTime', 'KRCW-01EPAC001', '2024-07-10 14:38:55', '2024-07-10 16:37:35', '', ''),
	('EquipmentEndDateTime', 'KRCW-01EPPB002', '2024-07-10 14:38:33', '2024-07-10 16:40:36', '', ''),
	('EquipmentEndDateTime', 'KRCW-01EPPB003', '2024-07-10 14:38:44', '2024-07-10 16:39:36', '', ''),
	('EquipmentEndDateTime', 'KRCW-01EPPB004', '2024-07-10 14:37:54', '2024-07-10 16:40:36', '', ''),
	('EquipmentEndDateTime', 'KRCW-01EPPB005', '2024-07-10 14:38:00', '2024-07-10 16:35:51', '', ''),
	('EquipmentEndDateTime', 'KRCW-01EPRF010', '2024-07-10 15:34:59', '2024-07-10 16:41:17', '', ''),
	('EquipmentEndDateTime', 'KRCW-01EPRF011', '2024-07-10 15:35:53', '2024-07-10 16:41:17', '', ''),
	('EquipmentEndDateTime', 'KRCW-01EPRF012', '2024-07-10 15:34:42', '2024-07-10 16:39:17', '', ''),
	('EquipmentEndDateTime', 'KRCW-01EROB045', '2024-07-10 15:17:24', '2024-07-10 16:41:17', '', ''),
	('EquipmentEndDateTime', 'KRCW-01EROB049', '2024-07-10 14:30:32', '2024-07-10 16:38:28', '', ''),
	('EquipmentEndDateTime', 'KRCW-01EROB050', '2024-07-10 14:30:41', '2024-07-10 16:40:41', '', ''),
	('EquipmentEndDateTime', 'KRCW-01EROB051', '2024-07-10 14:28:37', '2024-07-10 16:40:41', '', ''),
	('EquipmentEndDateTime', 'KRCW-01EROB054', '2024-07-10 16:34:54', '2024-07-10 16:37:47', '', ''),
	('EquipmentEndDateTime', 'KRCW-01EROB055', '2024-07-10 15:33:15', '2024-07-10 15:57:26', '', ''),
	('EquipmentEndDateTime', 'KRCW-01EROB056', '2024-07-10 15:33:35', '2024-07-10 15:59:21', '', ''),
	('EquipmentEndDateTime', 'KRCW-01EROB063', '2024-07-10 16:34:41', '2024-07-10 16:35:53', '', ''),
	('EquipmentEndDateTime', 'KRCW-01EROB064', '2024-07-10 16:35:15', '2024-07-10 16:38:43', '', ''),
	('EquipmentEndDateTime', 'KRCW-01EROB065', '2024-07-10 16:35:21', '2024-07-10 16:40:29', '', ''),
	('EquipmentEndDateTime', 'KRCW-01EROB067', '2024-07-10 16:33:22', '2024-07-10 16:40:29', '', ''),
	('EquipmentEndDateTime', 'KRCW-01EROB068', '2024-07-10 16:33:42', '2024-07-10 16:40:29', '', ''),
	('EquipmentEndDateTime', 'KRCW-01EROB070', '2024-07-10 16:33:51', '2024-07-10 16:40:29', '', ''),
	('EquipmentEndDateTime', 'KRCW-01EROB071', '2024-07-10 16:32:07', '2024-07-10 16:40:29', '', ''),
	('EquipmentEndDateTime', 'KRCW-01EROB072', '2024-07-10 16:31:20', '2024-07-10 16:40:29', '', ''),
	('EquipmentEndDateTime', 'KRCW-01EROB073', '2024-07-10 16:30:38', '2024-07-10 16:40:29', '', ''),
	('EquipmentEndDateTime', 'KRCW-01EROB074', '2024-07-10 14:35:11', '2024-07-10 16:13:47', '', ''),
	('EquipmentEndDateTime', 'KRCW-01EROB075', '2024-07-10 14:42:12', '2024-07-10 16:39:36', '', ''),
	('EquipmentEndDateTime', 'KRCW-01EROB076', '2024-07-10 14:41:00', '2024-07-10 16:41:07', '', ''),
	('EquipmentEndDateTime', 'KRCW-01EROM001', '2024-07-10 15:33:48', '2024-07-10 16:02:58', '', ''),
	('EquipmentEndDateTime', 'KRCW-01EROM002', '2024-07-10 15:34:08', '2024-07-10 16:05:51', '', ''),
	('EquipmentEndDateTime', 'KRCW-01ESUM006', '2024-07-10 14:40:37', '2024-07-10 16:39:52', '', ''),
	('EquipmentEndDateTime', 'KRCW-01ESUU001', '2024-07-10 15:38:33', '2024-07-10 16:36:26', '', ''),
	('EquipmentEndDateTime', 'KRCW-01ESUU002', '2024-07-10 15:38:52', '2024-07-10 16:37:50', '', ''),
	('EquipmentEndDateTime', 'KRCW-01ESUU003', '2024-07-10 15:39:39', '2024-07-10 16:41:17', '', ''),
	('EquipmentEndDateTime', 'KRCW-01ESUU004', '2024-07-10 15:39:21', '2024-07-10 16:39:17', '', ''),
	('EquipmentEndDateTime', 'KRCW-01ESUU005', '2024-07-10 15:35:56', '2024-07-10 16:41:17', '', ''),
	('EquipmentEndDateTime', 'KRCW-01ETAA001', '2024-07-10 14:37:20', '2024-07-10 16:39:36', '', ''),
	('EquipmentEndDateTime', 'KRCW-01ETHT006', '2024-07-10 14:42:21', '2024-07-10 16:39:45', '', ''),
	('EquipmentEndDateTime', 'KRCW-01ETHT007', '2024-07-10 15:37:58', '2024-07-10 16:32:32', '', ''),
	('EquipmentEndDateTime', 'KRCW-01EWEM013', '2024-07-10 14:36:46', '2024-07-10 16:28:30', '', ''),
	('EquipmentEndDateTime', 'KRCW-01EWEM015', '2024-07-10 14:37:36', '2024-07-10 16:32:54', '', ''),
	('EquipmentEndDateTime', 'KRCW-01EWEM016', '2024-07-10 14:37:51', '2024-07-10 16:34:58', '', ''),
	('EquipmentEndDateTime', 'KRCW-01EWEM020', '2024-07-10 14:38:06', '2024-07-10 16:35:57', '', ''),
	('EquipmentEndDateTime', 'KRCW-01EWEM021', '2024-07-10 14:38:23', '2024-07-10 16:38:28', '', ''),
	('EquipmentEndDateTime', 'KRCW-01EWEM022', '2024-07-10 14:37:02', '2024-07-10 16:30:22', '', ''),
	('EquipmentEndDateTime', 'KRCW-01EWEM023', '2024-07-10 14:37:20', '2024-07-10 16:31:42', '', ''),
	('EquipmentEndDateTime', 'KRCW-02ER1A001', '2024-07-10 16:34:10', '2024-07-10 16:34:47', '', ''),
	('EquipmentEndDateTime', 'KRCW-02ER1B001', '2024-07-10 15:14:56', '2024-07-10 16:40:51', '', ''),
	('EquipmentEndDateTime', 'KRCW-02ER1C001', '2024-07-10 14:24:50', '2024-07-10 16:34:15', '', ''),
	('TaktTimeEstimatedResult', 'KRCW-01ESUU001', 'erlang,9.960404608,0.265647789', '2024-07-01 23:58:06', '', ''),
	('TaktTimeEstimatedResult', 'KRCW-01EETC026', 'dweibull,13.55139797,0.579331449', '2024-07-01 23:58:06', '', ''),
	('TaktTimeEstimatedResult', 'KRCW-01EETC027', 'dweibull,13.63824241,0.346692513', '2024-07-01 23:58:06', '', ''),
	('TaktTimeEstimatedResult', 'KRCW-01EETC025', 'dweibull,13.6047,0.71482654', '2024-07-01 23:58:06', '', ''),
	('TaktTimeEstimatedResult', 'KRCW-01EETC028', 'norm,13.55502192,0.450389481', '2024-07-01 23:58:06', '', ''),
	('TaktTimeEstimatedResult', 'KRCW-01ECON027', 'gamma,11.88454579,0.153567965', '2024-07-01 23:58:06', '', ''),
	('TaktTimeEstimatedResult', 'KRCW-01ECON028', 'norm,13.55840213,0.538747115', '2024-07-01 23:58:06', '', ''),
	('TaktTimeEstimatedResult', 'KRCW-01EETC029', 'norm,13.55971493,0.539988968', '2024-07-01 23:58:06', '', ''),
	('TaktTimeEstimatedResult', 'KRCW-01ECON029', 'norm,13.51946337,0.387652402', '2024-07-01 23:58:06', '', ''),
	('TaktTimeEstimatedResult', 'KRCW-01EETC030', 'beta,12.80278942,5.857235346', '2024-07-01 23:58:06', '', ''),
	('TaktTimeEstimatedResult', 'KRCW-01EPRF010', 'dweibull,13.46182035,0.527012369', '2024-07-01 23:58:06', '', ''),
	('TaktTimeEstimatedResult', 'KRCW-01EROB045', 'beta,12.9,10.13274145', '2024-07-01 23:58:06', '', ''),
	('TaktTimeEstimatedResult', 'KRCW-01EPRF011', 'dweibull,13.55462634,0.673996773', '2024-07-01 23:58:06', '', ''),
	('TaktTimeEstimatedResult', 'KRCW-01EPRF012', 'dweibull,13.55271349,0.63826857', '2024-07-01 23:58:06', '', '');


drop table if exists v2_operation;
CREATE TABLE IF NOT EXISTS v2_operation (
  OperationID varchar(64) NOT NULL,
  OperationName varchar(100) DEFAULT NULL,
  OperationType varchar(50) DEFAULT NULL,
  UseIndicator varchar(16) DEFAULT NULL
);
INSERT INTO v2_operation (OperationID, OperationName, OperationType, UseIndicator) VALUES
	('내함 가조립', '내함 가조립', '생산공정', 'True'),
	('내함 성형', '내함 성형', '생산공정', 'True'),
	('출하', '출하', '생산공정', 'True'),
	('포장', '포장', '생산공정', 'True'),
	('형합', '형합', '생산공정', 'True'),
	('CASE 발포', 'CASE 발포', '생산공정', 'True'),
	('CRF', 'CRF', '생산공정', 'True'),
	('Cycle 조립', 'Cycle 조립', '생산공정', 'True'),
	('Cycle(냉매순환)', 'Cycle(냉매순환)', '생산공정', 'True'),
	('Door 조립', 'Door 조립', '생산공정', 'True'),
	('QC', 'QC', '생산공정', 'True');


drop table if exists v2_operationparameter;
CREATE TABLE IF NOT EXISTS v2_operationparameter (
  ParameterID varchar(64) NOT NULL DEFAULT '',
  ParameterName varchar(128) NOT NULL DEFAULT '',
  OperationID varchar(64) NOT NULL DEFAULT '',
  ParameterType varchar(64) NOT NULL DEFAULT '',
  ParameterGrade varchar(16) NOT NULL DEFAULT '',
  ParameterUOMCode varchar(16) NOT NULL DEFAULT '',
  LSL varchar(32) NOT NULL DEFAULT '',
  USL varchar(32) DEFAULT NULL,
  PeriodicDataCollectionIndicator varchar(64) NOT NULL DEFAULT '',
  DataCollectionPeriod varchar(64) NOT NULL DEFAULT ''
);
INSERT INTO v2_operationparameter (ParameterID, ParameterName, OperationID, ParameterType, ParameterGrade, ParameterUOMCode, LSL, USL, PeriodicDataCollectionIndicator, DataCollectionPeriod) VALUES
	('OperationStatus', '공정진행상태', '내함 가조립', '상태정보', '', '', '0', '0', '', ''),
	('OperationStatus', '공정진행상태', '내함 성형', '상태정보', '', '', '0', '0', '', ''),
	('OperationStatus', '공정진행상태', '출하', '상태정보', '', '', '0', '0', '', ''),
	('OperationStatus', '공정진행상태', '포장', '상태정보', '', '', '0', '0', '', ''),
	('OperationStatus', '공정진행상태', '형합', '상태정보', '', '', '0', '0', '', ''),
	('OperationStatus', '공정진행상태', 'CASE 발포', '상태정보', '', '', '0', '0', '', ''),
	('OperationStatus', '공정진행상태', 'CRF', '상태정보', '', '', '0', '0', '', ''),
	('OperationStatus', '공정진행상태', 'Cycle 조립', '상태정보', '', '', '0', '0', '', ''),
	('OperationStatus', '공정진행상태', 'Cycle(냉매순환)', '상태정보', '', '', '0', '0', '', ''),
	('OperationStatus', '공정진행상태', 'Door 조립', '상태정보', '', '', '0', '0', '', ''),
	('OperationStatus', '공정진행상태', 'QC', '상태정보', '', '', '0', '0', '', ''),
	('OperationStartDateTime', '공정작업시작일시', '내함 가조립', '작업시간정보', '', 'Second', '0', '510', '', ''),
	('OperationStartDateTime', '공정작업시작일시', '내함 성형', '작업시간정보', '', 'Second', '0', '13', '', ''),
	('OperationStartDateTime', '공정작업시작일시', '출하', '작업시간정보', '', 'Second', '0', '42', '', ''),
	('OperationStartDateTime', '공정작업시작일시', '포장', '작업시간정보', '', 'Second', '0', '138', '', ''),
	('OperationStartDateTime', '공정작업시작일시', '형합', '작업시간정보', '', 'Second', '0', '13', '', ''),
	('OperationStartDateTime', '공정작업시작일시', 'CASE 발포', '작업시간정보', '', 'Second', '0', '108', '', ''),
	('OperationStartDateTime', '공정작업시작일시', 'CRF', '작업시간정보', '', 'Second', '0', '498', '', ''),
	('OperationStartDateTime', '공정작업시작일시', 'Cycle 조립', '작업시간정보', '', 'Second', '0', '255', '', ''),
	('OperationStartDateTime', '공정작업시작일시', 'Cycle(냉매순환)', '작업시간정보', '', 'Second', '0', '13', '', ''),
	('OperationStartDateTime', '공정작업시작일시', 'Door 조립', '작업시간정보', '', 'Second', '0', '1595', '', ''),
	('OperationStartDateTime', '공정작업시작일시', 'QC', '작업시간정보', '', 'Second', '0', '101', '', ''),
	('OperationEndDateTime', '공정작업종료일시', '내함 가조립', '작업시간정보', '', 'Second', '0', '510', '', ''),
	('OperationEndDateTime', '공정작업종료일시', '내함 성형', '작업시간정보', '', 'Second', '0', '13', '', ''),
	('OperationEndDateTime', '공정작업종료일시', '출하', '작업시간정보', '', 'Second', '0', '42', '', ''),
	('OperationEndDateTime', '공정작업종료일시', '포장', '작업시간정보', '', 'Second', '0', '138', '', ''),
	('OperationEndDateTime', '공정작업종료일시', '형합', '작업시간정보', '', 'Second', '0', '13', '', ''),
	('OperationEndDateTime', '공정작업종료일시', 'CASE 발포', '작업시간정보', '', 'Second', '0', '108', '', ''),
	('OperationEndDateTime', '공정작업종료일시', 'CRF', '작업시간정보', '', 'Second', '0', '498', '', ''),
	('OperationEndDateTime', '공정작업종료일시', 'Cycle 조립', '작업시간정보', '', 'Second', '0', '255', '', ''),
	('OperationEndDateTime', '공정작업종료일시', 'Cycle(냉매순환)', '작업시간정보', '', 'Second', '0', '13', '', ''),
	('OperationEndDateTime', '공정작업종료일시', 'Door 조립', '작업시간정보', '', 'Second', '0', '1595', '', ''),
	('OperationEndDateTime', '공정작업종료일시', 'QC', '작업시간정보', '', 'Second', '0', '101', '', ''),
	('OperationProductionLOTInfo', '공정생산LOT정보', '내함 가조립', 'LOT정보', '', '', '0', '0', '', ''),
	('OperationProductionLOTInfo', '공정생산LOT정보', '내함 성형', 'LOT정보', '', '', '0', '0', '', ''),
	('OperationProductionLOTInfo', '공정생산LOT정보', '출하', 'LOT정보', '', '', '0', '0', '', ''),
	('OperationProductionLOTInfo', '공정생산LOT정보', '포장', 'LOT정보', '', '', '0', '0', '', ''),
	('OperationProductionLOTInfo', '공정생산LOT정보', '형합', 'LOT정보', '', '', '0', '0', '', ''),
	('OperationProductionLOTInfo', '공정생산LOT정보', 'CASE 발포', 'LOT정보', '', '', '0', '0', '', ''),
	('OperationProductionLOTInfo', '공정생산LOT정보', 'CRF', 'LOT정보', '', '', '0', '0', '', ''),
	('OperationProductionLOTInfo', '공정생산LOT정보', 'Cycle 조립', 'LOT정보', '', '', '0', '0', '', ''),
	('OperationProductionLOTInfo', '공정생산LOT정보', 'Cycle(냉매순환)', 'LOT정보', '', '', '0', '0', '', ''),
	('OperationProductionLOTInfo', '공정생산LOT정보', 'Door 조립', 'LOT정보', '', '', '0', '0', '', ''),
	('OperationProductionLOTInfo', '공정생산LOT정보', 'QC', 'LOT정보', '', '', '0', '0', '', '');


drop table if exists v2_operationparametervalue;
CREATE TABLE IF NOT EXISTS v2_operationparametervalue (
  ParameterID varchar(64) NOT NULL DEFAULT '',
  OperationID varchar(64) NOT NULL DEFAULT '',
  ParameterValue text NOT NULL,
  EventDateTime varchar(32) DEFAULT NULL,
  ValidationResultCode varchar(16) NOT NULL DEFAULT '',
  ParameterUOMCode varchar(16) NOT NULL DEFAULT ''
);
INSERT INTO v2_operationparametervalue (ParameterID, OperationID, ParameterValue, EventDateTime, ValidationResultCode, ParameterUOMCode) VALUES
	('OperationStatus', '내함 가조립', 'Idle', '2024-07-10 16:38:24', '', ''),
	('OperationStatus', '내함 성형', 'Run', '2024-07-10 16:34:03', '', ''),
	('OperationStatus', '출하', 'Idle', '2024-07-10 14:43:05', '', ''),
	('OperationStatus', '포장', 'Idle', '2024-07-10 14:50:35', '', ''),
	('OperationStatus', '형합', 'Idle', '2024-07-10 15:29:06', '', ''),
	('OperationStatus', 'CASE 발포', 'Run', '2024-07-10 15:17:07', '', ''),
	('OperationStatus', 'CRF', 'Idle', '2024-07-10 15:42:56', '', ''),
	('OperationStatus', 'Cycle 조립', 'Run', '2024-07-10 15:13:08', '', ''),
	('OperationStatus', 'Cycle(냉매순환)', 'Idle', '2024-07-10 14:40:03', '', ''),
	('OperationStatus', 'Door 조립', 'Run', '2024-07-10 14:47:09', '', ''),
	('OperationStatus', 'QC', 'Run', '2024-07-10 14:47:09', '', ''),
	('OperationStartDateTime', '내함 가조립', '2024-07-10 16:34:03', '2024-07-10 17:04:42', '', ''),
	('OperationStartDateTime', '내함 성형', '2024-07-10 16:33:58', '2024-07-10 16:34:47', '', ''),
	('OperationStartDateTime', '출하', '2024-07-10 14:42:39', '2024-07-10 17:01:12', '', ''),
	('OperationStartDateTime', '포장', '2024-07-10 14:47:56', '2024-07-10 17:04:54', '', ''),
	('OperationStartDateTime', '형합', '2024-07-10 15:28:33', '2024-07-10 17:04:45', '', ''),
	('OperationStartDateTime', 'CASE 발포', '2024-07-10 15:26:43', '2024-07-10 17:04:59', '', ''),
	('OperationStartDateTime', 'CRF', '2024-07-10 15:37:56', '2024-07-10 17:04:31', '', ''),
	('OperationStartDateTime', 'Cycle 조립', '2024-07-10 15:15:50', '2024-07-10 17:04:51', '', ''),
	('OperationStartDateTime', 'Cycle(냉매순환)', '2024-07-10 14:39:51', '2024-07-10 17:00:52', '', ''),
	('OperationStartDateTime', 'Door 조립', '2024-07-10 14:40:03', '2024-07-10 17:04:55', '', ''),
	('OperationStartDateTime', 'QC', '2024-07-10 14:47:09', '2024-07-10 17:04:55', '', ''),
	('OperationEndDateTime', '내함 가조립', '2024-07-10 15:38:17', '2024-07-10 17:04:42', '', ''),
	('OperationEndDateTime', '내함 성형', '2024-07-10 16:34:10', '2024-07-10 16:34:47', '', ''),
	('OperationEndDateTime', '출하', '2024-07-10 14:43:05', '2024-07-10 17:01:12', '', ''),
	('OperationEndDateTime', '포장', '2024-07-10 14:42:11', '2024-07-10 17:04:54', '', ''),
	('OperationEndDateTime', '형합', '2024-07-10 15:29:06', '2024-07-10 17:04:45', '', ''),
	('OperationEndDateTime', 'CASE 발포', '2024-07-10 15:16:49', '2024-07-10 17:04:59', '', ''),
	('OperationEndDateTime', 'CRF', '2024-07-10 15:28:54', '2024-07-10 17:04:31', '', ''),
	('OperationEndDateTime', 'Cycle 조립', '2024-07-10 14:39:51', '2024-07-10 17:04:51', '', ''),
	('OperationEndDateTime', 'Cycle(냉매순환)', '2024-07-10 14:40:03', '2024-07-10 17:00:52', '', ''),
	('OperationEndDateTime', 'Door 조립', '2024-07-10 14:48:35', '2024-07-10 17:04:55', '', ''),
	('OperationEndDateTime', 'QC', '2024-07-10 14:49:50', '2024-07-10 17:04:55', '', ''),
	('OperationProductionLOTInfo', '내함 가조립', '{11812662XV693B633863,2024-07-10 16:29:07,},{11207272EU392B649935,2024-07-10 16:34:10,},{75320208HZ852B296809,2024-07-10 16:29:32,},{96174717DL214B885943,2024-07-10 16:29:03,},{58250303BT340B870400,2024-07-10 16:28:43,},{98500636DD141B294442,2024-07-10 16:28:43,},{22878968AZ867B186037,2024-07-10 16:28:25,},{29105999LH171B293447,2024-07-10 16:28:15,},{71601027RU331B709399,2024-07-10 16:28:14,},{19451937RK975B203967,2024-07-10 16:27:56,},{76292667NL318B923346,2024-07-10 16:27:47,},{89542817XW712B947234,2024-07-10 16:27:34,},{79077900JG218B661062,2024-07-10 16:27:25,},{73340421VZ168B967362,2024-07-10 16:27:15,},{88172912IL512B305089,2024-07-10 16:29:32,},{84749173ZZ838B365360,2024-07-10 16:29:35,},{28089293OX616B921142,2024-07-10 16:29:54,},{42024314HJ978B348155,2024-07-10 16:34:03,},{77408554GV154B567953,2024-07-10 16:31:33,},{69374151HG728B161861,2024-07-10 16:31:29,},{64460409NR423B333443,2024-07-10 16:31:22,},{11997267NN322B950676,2024-07-10 16:31:20,},{95634900MB108B310813,2024-07-10 16:31:06,},{22536597XL357B933743,2024-07-10 16:30:58,},{59535606UH265B204769,2024-07-10 16:29:56,},{44359512VQ522B845552,2024-07-10 16:30:09,},{99279183WU274B329844,2024-07-10 16:30:33,},{51174308IE119B945851,2024-07-10 16:30:35,},{91895291GA919B626037,2024-07-10 16:30:36,}', '2024-07-10 16:38:24', '', ''),
	('OperationProductionLOTInfo', '내함 성형', '', '2024-07-10 16:34:03', '', ''),
	('OperationProductionLOTInfo', '출하', '{55016903KW379B873481,2024-07-10 14:35:42,2024-07-10 14:36:21},{66113474YD774B482835,2024-07-10 14:33:44,2024-07-10 14:34:30},{98922227YQ878B895283,2024-07-10 14:35:22,2024-07-10 14:36:07},{52605055QY975B573597,2024-07-10 14:34:45,2024-07-10 14:35:23},{95230482IW867B810993,2024-07-10 14:36:18,2024-07-10 14:37:04},{13285549DI948B695525,2024-07-10 14:35:13,2024-07-10 14:35:56},{38596519AJ834B179336,2024-07-10 14:33:40,2024-07-10 14:34:21},{98945844QZ195B893170,2024-07-10 14:34:58,2024-07-10 14:35:43},{98382746ZJ834B833580,2024-07-10 14:34:20,2024-07-10 14:34:59},{42156827WC741B224438,2024-07-10 14:34:03,2024-07-10 14:34:41},{86488542WC122B238188,2024-07-10 14:38:23,2024-07-10 14:39:04},{62454855NR846B917303,2024-07-10 14:35:13,2024-07-10 14:35:58},{86693684NC170B359502,2024-07-10 14:38:12,2024-07-10 14:38:55},{66050983MA172B460592,2024-07-10 14:38:04,2024-07-10 14:38:42},{81969454RQ337B446573,2024-07-10 14:35:02,2024-07-10 14:35:42},{22834108HW240B507948,2024-07-10 14:38:10,2024-07-10 14:38:52},{29415308GU140B851120,2024-07-10 14:36:36,2024-07-10 14:37:23},{79604901TO730B371455,2024-07-10 14:37:43,2024-07-10 14:38:28},{69325496BR359B860135,2024-07-10 14:35:22,2024-07-10 14:36:04},{60975802ZY926B667600,2024-07-10 14:32:52,2024-07-10 14:33:31},{55161059GE255B911265,2024-07-10 14:32:36,2024-07-10 14:33:21},{15912965CU539B286288,2024-07-10 12:22:16,2024-07-10 12:22:58},{35337750WI858B200084,2024-07-10 12:22:40,2024-07-10 12:23:21},{78187283MH777B756247,2024-07-10 12:21:28,2024-07-10 12:22:10},{80275780OQ518B346863,2024-07-10 12:24:08,2024-07-10 12:24:54},{51025643EU727B749148,2024-07-10 12:21:33,2024-07-10 12:22:14},{94431452YV774B830456,2024-07-10 12:24:06,2024-07-10 12:24:48},{84370331YL245B302759,2024-07-10 12:25:32,2024-07-10 12:26:15},{13112699KC494B575319,2024-07-10 12:24:00,2024-07-10 12:24:44},{72619752WX404B642416,2024-07-10 12:21:57,2024-07-10 12:22:39},{39657542WI729B244032,2024-07-10 12:24:43,2024-07-10 12:25:25},{79105553FK900B333548,2024-07-10 12:22:58,2024-07-10 12:23:42},{41904759LS165B479013,2024-07-10 12:25:34,2024-07-10 12:26:13},{51576571OY194B365878,2024-07-10 12:24:49,2024-07-10 12:25:31},{25351767VI912B102848,2024-07-10 14:32:25,2024-07-10 14:33:07},{18070467UD202B646458,2024-07-10 14:31:35,2024-07-10 14:32:19},{56089601LL473B614755,2024-07-10 14:34:54,2024-07-10 14:35:33},{45223346RT702B263200,2024-07-10 14:33:59,2024-07-10 14:34:45},{42891557BE476B297345,2024-07-10 12:20:41,2024-07-10 12:21:27},{59565929TD636B619887,2024-07-10 14:38:15,2024-07-10 14:38:57},{64420685WZ738B919082,2024-07-10 14:42:07,2024-07-10 14:42:54},{67053728QK479B340131,2024-07-10 14:41:25,2024-07-10 14:42:11},{10372165GT813B758715,2024-07-10 14:40:10,2024-07-10 14:40:50},{67950080OL825B435130,2024-07-10 14:42:27,2024-07-10 14:43:10},{23334495ZW412B138578,2024-07-10 14:42:23,2024-07-10 14:43:02},{88298455EK404B738152,2024-07-10 14:42:14,2024-07-10 14:42:53},{15186129HG370B913941,2024-07-10 14:43:28,2024-07-10 14:44:07},{68727468CN331B704746,2024-07-10 14:41:40,2024-07-10 14:42:21},{18301799BS948B549533,2024-07-10 14:39:59,2024-07-10 14:40:39},{62705427XK634B288128,2024-07-10 14:43:29,2024-07-10 14:44:08},{25794378TB309B440455,2024-07-10 14:43:35,2024-07-10 14:44:14},{64279727DR784B422628,2024-07-10 14:40:24,2024-07-10 14:41:04},{26156425HS137B226201,2024-07-10 14:40:49,2024-07-10 14:41:34},{72620767WM794B485411,2024-07-10 14:45:21,2024-07-10 14:46:01},{29042777IF113B700092,2024-07-10 14:42:39,2024-07-10 14:43:22},{33534629TN426B277893,2024-07-10 14:42:45,2024-07-10 14:43:27},{49752349EU651B272021,2024-07-10 14:42:23,2024-07-10 14:43:05},{40079929NN873B571874,2024-07-10 14:40:16,2024-07-10 14:41:01},{87880135FO351B884299,2024-07-10 14:39:52,2024-07-10 14:40:39},{90650999OU503B728996,2024-07-10 14:39:44,2024-07-10 14:40:29},{15651480EO620B149454,2024-07-10 14:39:05,2024-07-10 14:39:44},{63217168XE292B683485,2024-07-10 14:37:51,2024-07-10 14:38:32},{47730535RP715B903570,2024-07-10 14:39:15,2024-07-10 14:39:58},{79544703PT778B864419,2024-07-10 14:36:58,2024-07-10 14:37:41},{48388218YB108B194001,2024-07-10 14:35:43,2024-07-10 14:36:30},{32266958PJ791B888998,2024-07-10 14:39:26,2024-07-10 14:40:07},{99179240CB407B902965,2024-07-10 14:39:10,2024-07-10 14:39:56},{62945156AU410B627055,2024-07-10 14:36:37,2024-07-10 14:37:22},{59254295GK155B671943,2024-07-10 14:40:18,2024-07-10 14:41:00},{56801056XL356B506954,2024-07-10 14:37:51,2024-07-10 14:38:37},{31692428KS527B573167,2024-07-10 14:40:17,2024-07-10 14:41:04},{95424509YO628B595336,2024-07-10 14:38:04,2024-07-10 14:38:43},{96167318LM887B190844,2024-07-10 14:41:08,2024-07-10 14:41:52},{65215930AE308B893641,2024-07-10 14:38:20,2024-07-10 14:39:04},{50210067PV924B834685,2024-07-10 14:38:16,2024-07-10 14:38:57},{41874569QS397B621477,2024-07-10 14:41:58,2024-07-10 14:42:41},{46296112AE466B458796,2024-07-10 14:39:44,2024-07-10 14:40:30},{42396726AK642B323055,2024-07-10 01:06:21,2024-07-10 01:07:06},{33545766DX102B926177,2024-07-10 12:19:50,2024-07-10 12:20:29},{38261724JC296B233094,2024-07-10 01:07:51,2024-07-10 01:08:32},{56713493OV580B207932,2024-07-10 01:11:31,2024-07-10 01:12:10},{99315505IM626B744013,2024-07-10 01:10:43,2024-07-10 01:11:26},{90721956VO889B265862,2024-07-10 01:10:55,2024-07-10 01:11:34},{71757278WB152B260795,2024-07-10 01:13:44,2024-07-10 01:14:23},{78201870UL179B382320,2024-07-10 01:11:41,2024-07-10 01:12:28},{61807680QR497B156038,2024-07-10 01:13:49,2024-07-10 01:14:28},{83953002CD375B626042,2024-07-10 01:11:46,2024-07-10 01:12:24},{68536766NK839B279902,2024-07-10 01:14:08,2024-07-10 01:14:50},{20124531RV723B295365,2024-07-10 01:13:09,2024-07-10 01:13:54},{58869792QK420B268749,2024-07-10 01:13:56,2024-07-10 01:14:37},{62924623MO513B947018,2024-07-10 01:12:45,2024-07-10 01:13:27},{34223951LO415B304022,2024-07-10 01:15:19,2024-07-10 01:16:02},{83478983VK953B221732,2024-07-10 01:13:47,2024-07-10 01:14:29},{15245908FJ840B979163,2024-07-10 01:13:46,2024-07-10 01:14:33},{18330518PG438B228631,2024-07-10 01:13:17,2024-07-10 01:13:57},{82390285LI141B904161,2024-07-10 01:15:21,2024-07-10 01:16:06},{59011976UP617B749756,2024-07-10 01:11:57,2024-07-10 01:12:42},{32396843JC916B608047,2024-07-10 01:11:01,2024-07-10 01:11:40},{96104745EU768B167277,2024-07-10 01:13:51,2024-07-10 01:14:36},{66668556JO655B534273,2024-07-10 01:08:57,2024-07-10 01:09:40},{10376731LE392B580128,2024-07-10 01:08:31,2024-07-10 01:09:12},{82164527XL159B409085,2024-07-10 01:10:58,2024-07-10 01:11:44},{56269535VS648B713740,2024-07-10 01:09:15,2024-07-10 01:09:55},{29930983EX683B369695,2024-07-10 01:08:32,2024-07-10 01:09:18},{11096520KS155B652988,2024-07-10 01:08:50,2024-07-10 01:09:30},{12698323CZ897B685916,2024-07-10 01:09:27,2024-07-10 01:10:14},{12634959BL508B848252,2024-07-10 01:10:28,2024-07-10 01:11:11},{15443752GV576B410885,2024-07-10 01:10:58,2024-07-10 01:11:38},{87965855RS957B921179,2024-07-10 01:10:46,2024-07-10 01:11:25},{46036633EE190B864513,2024-07-10 01:09:00,2024-07-10 01:09:43},{19794506ZU932B299966,2024-07-10 01:09:26,2024-07-10 01:10:11},{32496936DI654B742081,2024-07-10 01:10:49,2024-07-10 01:11:29},{44686070TT813B419986,2024-07-10 01:13:11,2024-07-10 01:13:52},{62096003KD332B747965,2024-07-10 01:11:03,2024-07-10 01:11:45},{41704286KS427B551576,2024-07-10 01:09:45,2024-07-10 01:10:30},{80554703AD978B857979,2024-07-10 01:16:04,2024-07-10 01:16:44},{27698716HJ181B315096,2024-07-10 01:16:56,2024-07-10 01:17:41},{45599191RT254B819688,2024-07-10 01:18:28,2024-07-10 01:19:08},{22505981WS208B901717,2024-07-10 01:22:43,2024-07-10 01:23:29},{84738796YG685B153198,2024-07-10 01:22:21,2024-07-10 01:23:02},{10553726WQ335B166261,2024-07-10 01:23:27,2024-07-10 01:24:07},{83157725RX910B942811,2024-07-10 01:23:21,2024-07-10 01:24:00},{31503210XA177B823564,2024-07-10 01:25:58,2024-07-10 01:26:45},{96165679EI380B986580,2024-07-10 01:26:23,2024-07-10 01:27:05},{41556675DR449B525185,2024-07-10 01:27:42,2024-07-10 01:28:25},{86399849CK386B110459,2024-07-10 01:27:34,2024-07-10 01:28:12},{60177749GY814B318659,2024-07-10 01:24:37,2024-07-10 01:25:23},{27559777XX108B206791,2024-07-10 01:27:15,2024-07-10 01:28:01},{56770111FZ387B765686,2024-07-10 01:27:32,2024-07-10 01:28:10},{72895124XF123B656462,2024-07-10 01:25:39,2024-07-10 01:26:22},{52897102QO155B955986,2024-07-10 01:27:15,2024-07-10 01:27:59},{32816824CT334B912933,2024-07-10 01:27:54,2024-07-10 01:28:35},{66201411EI510B117086,2024-07-10 01:27:05,2024-07-10 01:27:51},{65128774DL387B580182,2024-07-10 01:29:55,2024-07-10 01:30:38},{89829297TU338B309568,2024-07-10 01:20:38,2024-07-10 01:21:25},{15438318YR149B694554,2024-07-10 01:20:19,2024-07-10 01:20:59},{25913490PY322B782189,2024-07-10 01:24:04,2024-07-10 01:24:43},{25623913ZW190B745034,2024-07-10 01:14:43,2024-07-10 01:15:22},{12240815LW381B182923,2024-07-10 01:16:56,2024-07-10 01:17:39},{30155535QT872B691129,2024-07-10 01:15:03,2024-07-10 01:15:47},{69478617NK845B665600,2024-07-10 01:18:35,2024-07-10 01:19:19},{37982945UA295B555895,2024-07-10 01:17:16,2024-07-10 01:17:56},{80511281KZ271B298294,2024-07-10 01:16:53,2024-07-10 01:17:34},{22354657RO910B500572,2024-07-10 01:17:27,2024-07-10 01:18:13},{49121999KT349B366918,2024-07-10 01:18:45,2024-07-10 01:19:26},{49811430GP166B222293,2024-07-10 01:17:20,2024-07-10 01:17:58},{38706990YJ906B771691,2024-07-10 01:20:06,2024-07-10 01:20:46},{67802471HT835B109911,2024-07-10 01:21:07,2024-07-10 01:21:53},{56377490VC510B317344,2024-07-10 01:19:19,2024-07-10 01:20:05},{19557218KS927B691643,2024-07-10 01:20:51,2024-07-10 01:21:34},{60909707JP120B623829,2024-07-10 01:20:09,2024-07-10 01:20:48},{74960136QI329B497454,2024-07-10 01:22:41,2024-07-10 01:23:27},{18125416GT418B924881,2024-07-10 01:20:02,2024-07-10 01:20:41},{48144145AF438B151834,2024-07-10 01:29:03,2024-07-10 01:29:49},{99626041GG930B620862,2024-07-10 01:09:34,2024-07-10 01:10:14},{36803944DU653B563637,2024-07-10 00:56:02,2024-07-10 00:56:45},{64075023SG850B549433,2024-07-10 00:59:57,2024-07-10 01:00:36},{73298714OL391B416730,2024-07-10 00:58:12,2024-07-10 00:58:55},{68877890GF141B290302,2024-07-10 01:00:15,2024-07-10 01:01:01},{19840877QZ745B391142,2024-07-10 01:00:22,2024-07-10 01:01:04},{48461222QS946B866551,2024-07-10 01:01:18,2024-07-10 01:02:03},{50312110TA224B917797,2024-07-10 00:59:16,2024-07-10 00:59:58},{35018015CX769B391346,2024-07-10 00:59:31,2024-07-10 01:00:14},{35849369RR296B670936,2024-07-10 00:59:57,2024-07-10 01:00:43},{94693818MB226B995243,2024-07-10 01:01:13,2024-07-10 01:01:54},{11051099NJ991B989264,2024-07-10 01:02:28,2024-07-10 01:03:14},{90980370IR717B706635,2024-07-10 01:00:59,2024-07-10 01:01:38},{99714822LK740B127200,2024-07-10 01:01:55,2024-07-10 01:02:41},{25728686PW624B861941,2024-07-10 00:59:47,2024-07-10 01:00:27},{12027949GS576B943890,2024-07-10 01:01:44,2024-07-10 01:02:28},{39680003RU107B913053,2024-07-10 01:02:49,2024-07-10 01:03:31},{24410902RX600B934910,2024-07-10 00:59:59,2024-07-10 01:00:40},{13753326KF772B744882,2024-07-10 01:00:37,2024-07-10 01:01:22},{59178860VD746B936199,2024-07-10 00:59:51,2024-07-10 01:00:31},{25844618JB617B869853,2024-07-10 01:00:55,2024-07-10 01:01:34},{29493822HL797B619956,2024-07-10 00:55:01,2024-07-10 00:55:44},{25092763HC684B514980,2024-07-10 00:56:16,2024-07-10 00:57:03},{50613680AM188B226352,2024-07-10 00:57:49,2024-07-10 00:58:36},{42537163SM233B356000,2024-07-10 00:56:13,2024-07-10 00:56:52},{38526725RQ652B948660,2024-07-10 00:57:47,2024-07-10 00:58:34},{86981782RA467B166705,2024-07-10 00:55:33,2024-07-10 00:56:12},{99957106TG615B647786,2024-07-10 00:54:56,2024-07-10 00:55:39},{23385361BR572B869843,2024-07-10 00:58:51,2024-07-10 00:59:37},{52957033LQ574B556120,2024-07-10 00:55:49,2024-07-10 00:56:33},{30071529XG126B948197,2024-07-10 00:58:21,2024-07-10 00:59:04},{73786799SR282B799677,2024-07-10 00:59:18,2024-07-10 01:00:04},{33554856JQ1000B873972,2024-07-10 00:58:06,2024-07-10 00:58:47},{39606758NF952B510602,2024-07-10 00:57:42,2024-07-10 00:58:22},{69503847PN984B323833,2024-07-10 00:57:25,2024-07-10 00:58:12},{28730379OX806B587992,2024-07-10 00:57:55,2024-07-10 00:58:41},{73500214UW358B474576,2024-07-10 01:00:32,2024-07-10 01:01:12},{56962750JB312B805311,2024-07-10 01:02:55,2024-07-10 01:03:38},{20844214PC968B483377,2024-07-10 01:01:46,2024-07-10 01:02:26},{86758259CV322B237656,2024-07-10 01:01:31,2024-07-10 01:02:14},{60663531CM654B518741,2024-07-10 01:05:48,2024-07-10 01:06:28},{74211661MW216B548065,2024-07-10 01:03:44,2024-07-10 01:04:31},{15458088GO294B582942,2024-07-10 01:07:17,2024-07-10 01:08:01},{38834769AE296B140698,2024-07-10 01:04:46,2024-07-10 01:05:33},{62310801NX998B717795,2024-07-10 01:05:12,2024-07-10 01:05:51},{39602122HL436B289172,2024-07-10 01:05:10,2024-07-10 01:05:51},{54770592LS292B380133,2024-07-10 01:07:17,2024-07-10 01:07:56},{81731330FZ376B206965,2024-07-10 01:08:15,2024-07-10 01:08:53},{31343688VQ528B172614,2024-07-10 01:06:55,2024-07-10 01:07:42},{79924513TK529B523654,2024-07-10 01:06:16,2024-07-10 01:07:03},{88366213BT590B559449,2024-07-10 01:06:11,2024-07-10 01:06:56},{90663213IB248B485582,2024-07-10 01:06:37,2024-07-10 01:07:18},{17525737XH200B358141,2024-07-10 01:06:05,2024-07-10 01:06:48},{51787500LB741B311033,2024-07-10 01:09:33,2024-07-10 01:10:17},{29788333LG825B492191,2024-07-10 01:08:41,2024-07-10 01:09:25},{14841027TY906B453961,2024-07-10 01:06:29,2024-07-10 01:07:14},{96083761IQ726B109432,2024-07-10 01:06:40,2024-07-10 01:07:26},{77267827ST920B198649,2024-07-10 01:05:42,2024-07-10 01:06:20},{24221116MF534B654903,2024-07-10 01:05:52,2024-07-10 01:06:37},{79309125NE260B593806,2024-07-10 01:00:29,2024-07-10 01:01:15},{22975054NM485B293335,2024-07-10 01:04:22,2024-07-10 01:05:09},{26740447ZX406B726802,2024-07-10 01:04:13,2024-07-10 01:04:55},{87898269HW252B169180,2024-07-10 01:01:10,2024-07-10 01:01:56},{93854247YB990B499143,2024-07-10 01:04:54,2024-07-10 01:05:39},{58863117HQ366B320398,2024-07-10 01:03:01,2024-07-10 01:03:40},{98602627VY352B916926,2024-07-10 01:04:56,2024-07-10 01:05:37},{47145231AZ844B280804,2024-07-10 01:02:46,2024-07-10 01:03:32},{34360936OX448B442904,2024-07-10 01:03:36,2024-07-10 01:04:22},{24164261ME276B523909,2024-07-10 01:04:24,2024-07-10 01:05:09},{41608046MU231B112118,2024-07-10 01:05:51,2024-07-10 01:06:32},{34987140NE237B465579,2024-07-10 01:05:40,2024-07-10 01:06:24},{34937092SB840B945540,2024-07-10 01:06:10,2024-07-10 01:06:54},{61496378LC698B865389,2024-07-10 01:04:17,2024-07-10 01:04:59},{12332568DT213B110356,2024-07-10 01:06:55,2024-07-10 01:07:40},{75091304WU168B779627,2024-07-10 01:04:02,2024-07-10 01:04:44},{62217833XZ701B582296,2024-07-10 01:07:43,2024-07-10 01:08:22},{78927890JY627B587581,2024-07-10 01:28:37,2024-07-10 01:29:21},{40448635ET504B243238,2024-07-10 01:42:47,2024-07-10 01:43:26},{20206620CG150B435928,2024-07-10 01:45:52,2024-07-10 01:46:35},{18482093OX402B973624,2024-07-10 01:49:12,2024-07-10 01:49:54},{47900494UJ998B405132,2024-07-10 01:46:49,2024-07-10 01:47:31},{21056271YY972B375801,2024-07-10 01:47:23,2024-07-10 01:48:09},{73535951CX517B507267,2024-07-10 01:49:01,2024-07-10 01:49:41},{94568135CK958B763269,2024-07-10 01:49:39,2024-07-10 01:50:26},{97113026JR222B990128,2024-07-10 01:51:13,2024-07-10 01:51:52},{16421726VJ973B396734,2024-07-10 01:48:05,2024-07-10 01:48:43},{72030825MK185B811208,2024-07-10 01:48:52,2024-07-10 01:49:32},{31913790VD978B798166,2024-07-10 01:51:59,2024-07-10 01:52:37},{47281388YJ909B764248,2024-07-10 01:52:53,2024-07-10 01:53:39},{19844733QL865B294920,2024-07-10 01:49:58,2024-07-10 01:50:40},{70299514XD392B499617,2024-07-10 01:51:51,2024-07-10 01:52:36},{46182903MP463B120109,2024-07-10 01:51:24,2024-07-10 01:52:09},{80644156NZ833B269476,2024-07-10 01:53:51,2024-07-10 01:54:35},{13271959FU221B583642,2024-07-10 01:53:16,2024-07-10 01:54:03},{14778690PA863B103766,2024-07-10 01:45:17,2024-07-10 01:45:57},{34210140NO469B781806,2024-07-10 01:44:19,2024-07-10 01:45:04},{16401522RZ370B248306,2024-07-10 01:45:43,2024-07-10 01:46:26},{43151378JX344B541127,2024-07-10 01:39:42,2024-07-10 01:40:28},{43258462IL681B317455,2024-07-10 01:40:16,2024-07-10 01:41:00},{64207584JD373B123514,2024-07-10 01:40:05,2024-07-10 01:40:45},{87212678JE273B227119,2024-07-10 01:41:18,2024-07-10 01:41:59},{38340147EA566B211964,2024-07-10 01:41:02,2024-07-10 01:41:49},{69668826TF665B213376,2024-07-10 01:43:22,2024-07-10 01:44:01},{98655145FH153B264116,2024-07-10 01:43:51,2024-07-10 01:44:29},{40985242NT982B215222,2024-07-10 01:44:23,2024-07-10 01:45:03},{98076885HZ415B624539,2024-07-10 01:43:53,2024-07-10 01:44:39},{95601926VV545B316894,2024-07-10 01:45:51,2024-07-10 01:46:32},{56163469TE777B493615,2024-07-10 01:43:11,2024-07-10 01:43:51},{89730222RL691B242265,2024-07-10 01:43:06,2024-07-10 01:43:47},{78865345AG840B731627,2024-07-10 01:42:27,2024-07-10 01:43:05},{21898679TO122B498786,2024-07-10 01:45:15,2024-07-10 01:45:56},{21985379SO586B864208,2024-07-10 01:44:04,2024-07-10 01:44:44},{33991529QM309B256546,2024-07-10 01:44:07,2024-07-10 01:44:48},{95515186FV885B274116,2024-07-10 01:51:40,2024-07-10 01:52:23},{89155118EJ922B303263,2024-07-10 01:53:22,2024-07-10 01:54:04},{22375481FC144B710025,2024-07-10 01:54:30,2024-07-10 01:55:14},{37621789QF784B221217,2024-07-10 10:47:32,2024-07-10 10:48:15},{96815786JJ246B360408,2024-07-10 12:18:50,2024-07-10 12:19:37},{88951043GX857B887436,2024-07-10 12:19:47,2024-07-10 12:20:28},{29869614QS409B738926,2024-07-10 12:18:00,2024-07-10 12:18:44},{17055891ZT563B214557,2024-07-10 12:19:40,2024-07-10 12:20:23},{27189672BH387B393603,2024-07-10 12:18:24,2024-07-10 12:19:06},{83518075IS164B823087,2024-07-10 12:18:45,2024-07-10 12:19:28},{82887469XY560B986210,2024-07-10 12:18:31,2024-07-10 12:19:12},{57024059XC705B745480,2024-07-10 12:18:34,2024-07-10 12:19:20},{90434615BC795B436680,2024-07-10 12:18:48,2024-07-10 12:19:33},{16764737QP709B599750,2024-07-10 12:18:43,2024-07-10 12:19:30},{27230899MT973B180505,2024-07-10 12:19:54,2024-07-10 12:20:37},{10283815ZO692B729330,2024-07-10 12:19:08,2024-07-10 12:19:47},{31368760XR451B698522,2024-07-10 12:19:43,2024-07-10 12:20:28},{87222598QJ268B328635,2024-07-10 12:20:15,2024-07-10 12:21:00},{43880435TC787B930469,2024-07-10 12:20:55,2024-07-10 12:21:40},{46275643RJ154B381012,2024-07-10 10:49:35,2024-07-10 10:50:18},{69546677MB293B488829,2024-07-10 10:48:13,2024-07-10 10:48:53},{53542701YI223B750809,2024-07-10 10:45:35,2024-07-10 10:46:21},{59211766GB300B442393,2024-07-10 01:55:40,2024-07-10 01:56:19},{98225363QK305B231817,2024-07-10 01:57:06,2024-07-10 01:57:52},{71874471SO689B412365,2024-07-10 01:53:22,2024-07-10 01:54:01},{97012050OF458B907111,2024-07-10 01:57:18,2024-07-10 01:58:05},{68792157SE656B552579,2024-07-10 01:57:20,2024-07-10 01:57:59},{54532669NW363B444014,2024-07-10 01:58:40,2024-07-10 01:59:24},{52824186TI236B817772,2024-07-10 01:58:07,2024-07-10 01:58:45},{56130119BR163B215214,2024-07-10 01:58:57,2024-07-10 01:59:42},{42025290QB507B238539,2024-07-10 01:58:29,2024-07-10 01:59:12},{41044589TM463B632255,2024-07-10 10:43:46,2024-07-10 10:44:26},{25170023BU421B401122,2024-07-10 10:44:23,2024-07-10 10:45:07},{46665492OT672B196556,2024-07-10 10:46:12,2024-07-10 10:46:54},{86653402AD432B347729,2024-07-10 10:48:15,2024-07-10 10:48:57},{93224681MP206B436077,2024-07-10 10:45:05,2024-07-10 10:45:51},{29033586AR725B479463,2024-07-10 10:45:10,2024-07-10 10:45:57},{64175551EH156B290007,2024-07-10 10:46:23,2024-07-10 10:47:01},{91050903ZY797B313541,2024-07-10 12:21:38,2024-07-10 12:22:17},{55008845MR671B825261,2024-07-10 01:39:30,2024-07-10 01:40:16},{72785272OT872B905167,2024-07-10 01:15:03,2024-07-10 01:15:46},{89048174DS653B783199,2024-07-10 01:33:59,2024-07-10 01:34:39},{59725157HD117B994056,2024-07-10 01:35:23,2024-07-10 01:36:08},{31065485YE384B373394,2024-07-10 01:37:31,2024-07-10 01:38:17},{83505915QI714B295424,2024-07-10 01:38:41,2024-07-10 01:39:22},{20670913HT319B794092,2024-07-10 01:35:32,2024-07-10 01:36:16},{20294988MQ727B186069,2024-07-10 01:38:41,2024-07-10 01:39:20},{58222392DT136B398572,2024-07-10 01:37:18,2024-07-10 01:38:01},{92542596LV808B589092,2024-07-10 01:38:47,2024-07-10 01:39:33},{96642902WT548B601735,2024-07-10 01:38:06,2024-07-10 01:38:46},{92241368AP251B926972,2024-07-10 01:38:51,2024-07-10 01:39:34},{88423037VB725B569547,2024-07-10 01:39:55,2024-07-10 01:40:35},{47490935AZ272B670148,2024-07-10 01:40:28,2024-07-10 01:41:12},{23558296TW898B474514,2024-07-10 01:40:57,2024-07-10 01:41:42},{59590128BA520B446154,2024-07-10 01:39:44,2024-07-10 01:40:25},{11763549ZQ853B630227,2024-07-10 01:38:36,2024-07-10 01:39:17},{39222352JJ667B265845,2024-07-10 01:37:03,2024-07-10 01:37:44},{37844768ZF933B204111,2024-07-10 01:32:40,2024-07-10 01:33:18},{93527329XV509B392903,2024-07-10 01:44:12,2024-07-10 01:44:53},{26544645DX513B208188,2024-07-10 01:31:02,2024-07-10 01:31:46},{28852431BQ908B738670,2024-07-10 01:32:41,2024-07-10 01:33:23},{59788162YJ322B691490,2024-07-10 01:30:18,2024-07-10 01:31:04},{55202178XK590B147454,2024-07-10 01:33:04,2024-07-10 01:33:46},{98846625SD648B108131,2024-07-10 01:33:41,2024-07-10 01:34:26},{38067932MW637B971351,2024-07-10 01:33:19,2024-07-10 01:34:03},{78891797BM990B357031,2024-07-10 01:33:23,2024-07-10 01:34:04},{20189911JY191B409570,2024-07-10 01:32:36,2024-07-10 01:33:18},{91184734GQ916B172152,2024-07-10 01:34:33,2024-07-10 01:35:16},{38225443KU187B127575,2024-07-10 01:33:08,2024-07-10 01:33:54},{69608103OL719B730973,2024-07-10 01:34:14,2024-07-10 01:34:58},{55909439UQ830B724452,2024-07-10 01:33:00,2024-07-10 01:33:42},{36725880VK767B975292,2024-07-10 01:32:35,2024-07-10 01:33:14},{89945639CM639B179970,2024-07-10 01:33:28,2024-07-10 01:34:14}', '2024-07-10 14:43:05', '', ''),
	('OperationProductionLOTInfo', '포장', '{17510121RV999B659039,2024-07-10 14:48:42,},{82418907UR331B414894,2024-07-10 14:48:51,},{62070707NR776B988822,2024-07-10 14:47:00,},{28597844ZO129B404949,2024-07-10 14:47:15,},{31449727WT152B226513,2024-07-10 14:47:46,},{18041960IG342B718128,2024-07-10 14:50:02,},{48600751ZY221B557552,2024-07-10 14:45:02,},{12157815UD433B774449,2024-07-10 14:42:01,},{96516613FO866B462112,2024-07-10 14:48:25,},{35899166XV669B236080,2024-07-10 14:45:42,},{20513891ZU816B690268,2024-07-10 14:44:02,},{25983244OG556B974392,2024-07-10 14:43:27,},{22190092HT601B598414,2024-07-10 14:41:55,},{27137326ZL736B468943,2024-07-10 14:43:09,},{41916805FD696B768845,2024-07-10 14:43:51,},{26772673LD767B276872,2024-07-10 14:44:01,},{33460932CS472B845256,2024-07-10 14:42:09,},{32608045YS281B440917,2024-07-10 14:42:56,},{59533103NZ646B459042,2024-07-10 14:43:39,},{63968315RZ436B110089,2024-07-10 14:41:41,},{77830694VR515B118632,2024-07-10 14:43:42,},{95440195EU106B347298,2024-07-10 14:42:33,},{70114645RI695B621917,2024-07-10 14:43:36,},{47431043ZV256B600737,2024-07-10 14:40:43,},{28948190NJ233B317016,2024-07-10 14:40:10,},{49269779AB889B979904,2024-07-10 14:42:29,},{47543486RS472B592611,2024-07-10 14:46:00,},{48145084RN389B471163,2024-07-10 14:45:25,},{46867089EO317B173773,2024-07-10 14:44:51,},{89732428DX301B808170,2024-07-10 14:46:03,},{81940259QT168B493218,2024-07-10 14:44:35,},{82933566LO952B511697,2024-07-10 14:45:19,},{83347819PK596B398695,2024-07-10 14:46:31,},{90741601SZ959B444842,2024-07-10 14:48:26,},{87246131FI827B370548,2024-07-10 14:47:56,},{98152952AM262B371973,2024-07-10 14:41:00,},{17209003PS864B610303,2024-07-10 14:45:11,},{97099472RD887B259620,2024-07-10 14:42:09,},{54315665JA206B873267,2024-07-10 14:43:33,},{53107171BJ213B671955,2024-07-10 14:45:56,},{49956898XF608B618097,2024-07-10 14:43:44,},{83591735OU397B562812,2024-07-10 14:43:36,},{64910726VD644B916459,2024-07-10 14:45:55,}', '2024-07-10 14:50:35', '', ''),
	('OperationProductionLOTInfo', '형합', '{19999615VU440B750144,2024-07-10 15:28:52,2024-07-10 15:29:05},{87516908OJ851B265746,2024-07-10 15:28:55,2024-07-10 15:29:06},{17128936WD497B826664,2024-07-10 15:28:33,2024-07-10 15:28:47},{54472560KA713B116042,2024-07-10 15:29:03,2024-07-10 15:29:14},{66419801KD590B868304,2024-07-10 15:28:38,2024-07-10 15:28:50}', '2024-07-10 15:29:06', '', ''),
	('OperationProductionLOTInfo', 'Cycle(냉매순환)', '', '2024-07-10 14:40:03', '', ''),
	('OperationProductionLOTInfo', 'CASE 발포', '{49273654XM192B627904,2024-07-10 15:26:58,},{36687555IU243B105539,2024-07-10 15:25:38,},{40630404FG111B138864,2024-07-10 15:24:44,},{25119917CM831B577051,2024-07-10 15:24:49,},{40133692PH512B608320,2024-07-10 15:24:58,},{17141796GQ832B104141,2024-07-10 15:24:14,},{70656735WO967B725972,2024-07-10 15:24:25,},{82819176RM204B760432,2024-07-10 15:24:01,},{55928972DT482B778087,2024-07-10 15:24:09,},{91119690UJ556B540462,2024-07-10 15:23:36,},{96945608FY795B153865,2024-07-10 15:25:24,},{55673408FX937B412341,2024-07-10 15:25:42,},{15577891FZ925B319613,2024-07-10 15:26:51,},{36361334WB199B285633,2024-07-10 15:26:24,},{47689715SR596B510025,2024-07-10 15:26:46,},{32997215IR682B449302,2024-07-10 15:26:43,},{14109131EB469B538677,2024-07-10 15:25:42,},{51663253XB745B654684,2024-07-10 15:26:14,},{68456246JT511B994332,2024-07-10 15:26:10,},{18782866PG634B742417,2024-07-10 15:26:01,},{87592471OF831B342201,2024-07-10 15:25:44,},{83036569BN614B317961,2024-07-10 15:23:15,},{30344977QN199B604067,2024-07-10 15:23:22,},{89196659YD408B660775,2024-07-10 15:22:57,},{75485056KB650B486002,2024-07-10 15:17:17,},{10842202YP326B124289,2024-07-10 15:17:03,},{12618011ZO728B817598,2024-07-10 15:17:17,},{50149844XX319B838433,2024-07-10 15:16:18,},{29837013FF718B520700,2024-07-10 15:27:20,},{61649380UD344B723406,2024-07-10 15:16:12,},{40724104IE159B836822,2024-07-10 15:15:52,},{66051486OS708B644996,2024-07-10 15:16:07,},{89082640DR521B824049,2024-07-10 15:15:12,},{89979412OB853B364157,2024-07-10 15:17:24,},{40066627PW780B787701,2024-07-10 15:17:37,},{49484092EG573B143820,2024-07-10 15:18:42,},{61301338TH620B855502,2024-07-10 15:23:20,},{39195328DC280B476135,2024-07-10 15:21:50,},{19192925YK877B272936,2024-07-10 15:21:40,},{97287049YQ215B549767,2024-07-10 15:21:34,},{81364791IO364B117728,2024-07-10 15:21:08,},{96914379ZU157B262892,2024-07-10 15:20:49,},{91253177HG926B869402,2024-07-10 15:18:56,},{22125021XY929B217328,2024-07-10 15:19:34,},{64847921OU375B368894,2024-07-10 15:18:47,}', '2024-07-10 15:17:07', '', ''),
	('OperationProductionLOTInfo', 'CRF', '{60473527JZ166B336191,2024-07-10 15:26:42,},{24254402OV932B858538,2024-07-10 15:26:34,},{56133313RS989B100012,2024-07-10 15:26:20,},{64676885WN944B742300,2024-07-10 15:26:05,},{78176522PB731B108206,2024-07-10 15:25:50,},{46662611CI426B446292,2024-07-10 15:25:59,},{68280902QK430B808831,2024-07-10 15:22:59,},{60029765YY661B313525,2024-07-10 15:22:46,},{57596644DS116B933510,2024-07-10 15:29:13,},{77696063KT322B433178,2024-07-10 15:26:40,},{24530484FW984B836411,2024-07-10 15:27:22,},{60092579EE912B535627,2024-07-10 15:31:19,},{20338241UR109B788899,2024-07-10 15:31:23,},{64865085RU427B346314,2024-07-10 15:31:52,},{95430589JG852B500853,2024-07-10 15:31:30,},{66901047JS487B583956,2024-07-10 15:31:55,},{45349996XD662B865170,2024-07-10 15:32:21,},{80632507DA116B776746,2024-07-10 15:33:25,},{88522995TL533B760932,2024-07-10 15:33:44,},{14159328GM511B719462,2024-07-10 15:34:18,},{84677669QI669B537955,2024-07-10 15:34:05,},{19338779ZW225B524286,2024-07-10 15:37:56,},{81211605RJ810B574956,2024-07-10 15:38:17,},{75208416GR230B352358,2024-07-10 15:30:50,},{51123616ED580B482116,2024-07-10 15:29:17,},{58728402ZH230B636288,2024-07-10 15:27:16,},{46192380NE212B427675,2024-07-10 15:27:28,},{63538596SJ663B317926,2024-07-10 15:27:18,},{24707801WX395B783358,2024-07-10 15:28:02,},{59792958PD403B959327,2024-07-10 15:27:40,},{81837514NY911B673354,2024-07-10 15:28:07,},{25624962FK938B173361,2024-07-10 15:28:09,},{91537799EK704B112051,2024-07-10 15:28:29,},{11945536IR621B647829,2024-07-10 15:22:36,},{75973405GC492B289346,2024-07-10 15:28:25,},{18793273YK933B766890,2024-07-10 15:28:46,}', '2024-07-10 15:42:56', '', ''),
	('OperationProductionLOTInfo', 'Cycle 조립', '{66580386FK591B912123,2024-07-10 15:12:21,},{24559004IB538B954802,2024-07-10 15:14:04,},{99502249UB318B556981,2024-07-10 15:14:07,},{43973749XZ360B480601,2024-07-10 15:13:54,},{19599819JY773B800378,2024-07-10 15:13:48,},{73844471GY180B481189,2024-07-10 15:13:42,},{88932589OM504B263032,2024-07-10 15:13:07,},{55653831LQ294B255645,2024-07-10 15:12:59,},{31272850TB134B394197,2024-07-10 15:14:28,},{17664708VW151B634674,2024-07-10 15:12:57,},{76351169UY337B797987,2024-07-10 15:12:29,},{19432205NA111B152737,2024-07-10 15:12:26,},{35475774QL590B963993,2024-07-10 15:12:04,},{94611762MJ903B195399,2024-07-10 15:12:59,},{90052051SF146B994381,2024-07-10 15:14:14,},{59031775RL551B219269,2024-07-10 15:14:48,},{26229391XS961B592538,2024-07-10 15:17:00,},{79035634SP924B356865,2024-07-10 15:17:01,},{63746837HM160B682688,2024-07-10 15:16:23,},{34204852XM279B739383,2024-07-10 15:16:30,},{25168373QQ587B177049,2024-07-10 15:16:38,},{15415817JH752B966781,2024-07-10 15:16:03,},{62015387LV997B714879,2024-07-10 15:15:50,},{28574702YL504B347432,2024-07-10 15:15:54,},{31788240HV179B214572,2024-07-10 15:15:46,},{28820695MG484B587552,2024-07-10 15:15:48,},{43066751WA485B620242,2024-07-10 15:15:37,},{67339789GJ388B478139,2024-07-10 15:15:08,},{63809406DP839B422906,2024-07-10 15:15:15,},{50781677ED768B928208,2024-07-10 15:16:41,},{61099046OT696B166739,2024-07-10 15:12:19,}', '2024-07-10 15:13:08', '', ''),
	('OperationProductionLOTInfo', 'Door 조립', '{65785239PK397B982430,2024-07-10 14:33:51,},{67502724BJ494B277006,2024-07-10 14:40:03,},{23295056BE830B676596,2024-07-10 14:26:44,},{96929533YE273B393614,2024-07-10 14:26:38,},{67179771GK782B911695,2024-07-10 14:26:49,},{87204146XX169B553188,2024-07-10 14:25:13,},{64284168SZ944B992852,2024-07-10 14:24:51,},{75041419XL699B128461,2024-07-10 14:23:28,},{35639485IJ808B550935,2024-07-10 14:23:27,},{75828894QT456B706694,2024-07-10 14:33:24,},{14405203LP187B748957,2024-07-10 14:33:33,},{74396045RT946B383518,2024-07-10 14:28:33,},{14878016VS290B862488,2024-07-10 14:28:06,},{76713904YQ350B607056,2024-07-10 14:28:54,},{60718284ZV581B370385,2024-07-10 14:28:49,},{26975186TN258B981674,2024-07-10 14:29:41,},{44450357YW417B513744,2024-07-10 14:30:18,},{53141087XP647B337915,2024-07-10 14:30:37,},{57373948EO409B485800,2024-07-10 14:28:06,},{40907176EQ557B263173,2024-07-10 14:31:35,},{51741178AB279B279701,2024-07-10 14:23:22,},{31175065PU703B605041,2024-07-10 14:23:01,},{72958365EA254B563484,2024-07-10 14:30:16,},{46374010LW897B761965,2024-07-10 14:24:50,},{40189022OM607B651178,2024-07-10 14:31:00,}', '2024-07-10 14:47:09', '', ''),
	('OperationProductionLOTInfo', 'QC', '{74213385BL146B777129,2024-07-10 14:45:41,},{51109271VK662B509731,2024-07-10 14:45:44,},{74211432DF942B698401,2024-07-10 14:45:15,},{48962216GT554B435729,2024-07-10 14:45:28,},{92286031NA624B290694,2024-07-10 14:46:59,},{20911594XZ464B885184,2024-07-10 14:47:45,},{20134104TG764B551222,2024-07-10 14:49:13,},{62425136RP941B429410,2024-07-10 14:48:48,},{34712283FJ491B136419,2024-07-10 14:49:22,},{40736406KP457B240842,2024-07-10 14:47:05,},{44055884NF899B187118,2024-07-10 14:49:52,},{61356509AS510B706300,2024-07-10 14:47:09,},{74279789IF273B670390,2024-07-10 14:47:00,},{42478424DL821B972812,2024-07-10 14:50:51,},{69551170YH655B536998,2024-07-10 14:48:47,},{58126562JY900B959251,2024-07-10 14:50:42,},{76572207DS852B196951,2024-07-10 14:49:15,},{21295163HB364B363515,2024-07-10 14:46:27,}', '2024-07-10 14:47:09', '', '');



drop table if exists v2_line;
CREATE TABLE IF NOT EXISTS v2_line (
  LineID varchar(64) NOT NULL,
  LineName varchar(64) NOT NULL,
  LineType varchar(32) NOT NULL,
  UseIndicator varchar(64) DEFAULT NULL,
  LocationID varchar(64) NOT NULL,
  PlantID varchar(64) NOT NULL,
  SiteID varchar(64) NOT NULL,
  EnterpriseID varchar(64) NOT NULL,
  LineStatus varchar(16) DEFAULT NULL
);
INSERT INTO v2_line (LineID, LineName, LineType, UseIndicator, LocationID, PlantID, SiteID, EnterpriseID, LineStatus) VALUES
	('KR3', '냉장고 창원 생산라인', 'AS', 'Usable', 'L5001', 'FA1', 'CW', 'LGE', 'Started');



drop table if exists V2_LINE_BOM;
CREATE TABLE IF NOT EXISTS V2_LINE_BOM (
  BOMID varchar(64) DEFAULT NULL,
  BOMType varchar(32) NOT NULL,
  ItemID varchar(64) NOT NULL,
  BOMQuantity varchar(16) NOT NULL,
  ItemUOMCode varchar(16) NOT NULL,
  ChildItemID char(64) NOT NULL,
  ChildItemUOMCode char(16) NOT NULL,
  ActualRequirementQuantity char(16) NOT NULL,
  BOMRevisionNumber char(16) NOT NULL,
  ValidStartDateTime varchar(32) DEFAULT NULL,
  ValidEndDateTime varchar(32) DEFAULT NULL,
  RoutingID varchar(64) DEFAULT NULL,
  OperationSequence char(16) NOT NULL,
  BackFlushedIndicator varchar(16) NOT NULL
);
INSERT INTO V2_LINE_BOM (BOMID, BOMType, ItemID, BOMQuantity, ItemUOMCode, ChildItemID, ChildItemUOMCode, ActualRequirementQuantity, BOMRevisionNumber, ValidStartDateTime, ValidEndDateTime, RoutingID, OperationSequence, BackFlushedIndicator) VALUES
	('BOM_CNZN8000', 'MBOM', 'CNZN8000', '15', 'EA', '', '', '', '', '2024-07-10 16:42:55', '2025-07-10 16:37:35', 'ROUTE_CNZN8000', '', 'True');



drop table if exists V2_LINE_ITEMMASTER;
CREATE TABLE IF NOT EXISTS V2_LINE_ITEMMASTER (
  ItemID varchar(64) NOT NULL,
  ItemType varchar(32) NOT NULL,
  ItemName varchar(64) DEFAULT NULL,
  ItemLargeClass varchar(16) NOT NULL,
  ItemMediumClass varchar(16) NOT NULL,
  ItemSmallClass varchar(16) NOT NULL,
  UseIndicator varchar(16) NOT NULL,
  ItemUOMCode varchar(16) NOT NULL,
  ItemSpecification varchar(64) NOT NULL,
  ItemDetailSpecification varchar(64) NOT NULL,
  Weight char(16) NOT NULL,
  NetWeight char(16) NOT NULL,
  WeightUOMCode char(16) NOT NULL,
  Volume char(16) NOT NULL,
  VolumeUOMCode char(16) NOT NULL,
  Length char(16) NOT NULL,
  Width char(16) NOT NULL,
  Height char(16) NOT NULL,
  DimensionUOMCode char(16) NOT NULL,
  ValidEndDate varchar(32) DEFAULT NULL,
  DrawingNumber varchar(16) NOT NULL,
  LotControlIndicator varchar(16) NOT NULL,
  ProcurementLeadTime varchar(32) NOT NULL,
  LotSize varchar(16) NOT NULL,
  MainCustomerID char(64) NOT NULL,
  MainVendorID char(54) NOT NULL,
  SafetyStock varchar(16) NOT NULL,
  MaximumStockLevel varchar(16) NOT NULL,
  RecieptWarehouseID varchar(64) NOT NULL,
  IssueWarehouseID varchar(64) NOT NULL,
  ABCClass varchar(16) NOT NULL,
  BackFlushedIndicator varchar(16) NOT NULL,
  ReplacementItemID char(64) NOT NULL,
  IncomingInspectionIndicator varchar(16) NOT NULL,
  FinalInspectionIndicator varchar(16) NOT NULL,
  OutgoingInspectionIndicator varchar(16) NOT NULL
);
INSERT INTO V2_LINE_ITEMMASTER (ItemID, ItemType, ItemName, ItemLargeClass, ItemMediumClass, ItemSmallClass, UseIndicator, ItemUOMCode, ItemSpecification, ItemDetailSpecification, Weight, NetWeight, WeightUOMCode, Volume, VolumeUOMCode, Length, Width, Height, DimensionUOMCode, ValidEndDate, DrawingNumber, LotControlIndicator, ProcurementLeadTime, LotSize, MainCustomerID, MainVendorID, SafetyStock, MaximumStockLevel, RecieptWarehouseID, IssueWarehouseID, ABCClass, BackFlushedIndicator, ReplacementItemID, IncomingInspectionIndicator, FinalInspectionIndicator, OutgoingInspectionIndicator) VALUES
	('CNZN8000', '제품', '팔렛타이징', 'PL', 'PM', 'PS', 'True', 'EA', 'S220062737', 'S220062737-D01', '', '', '', '', '', '', '', '', '', '2025-07-10 16:37:35', 'GP-004495', 'True', '15', '10', '', '', '500', '1000', 'STL-R001', 'STL-I001', 'A', 'True', '', 'True', 'True', 'True');


drop table if exists V2_LINE_ROUTING;
CREATE TABLE IF NOT EXISTS V2_LINE_ROUTING (
  RoutingID varchar(64) DEFAULT NULL,
  RoutingName varchar(64) DEFAULT NULL,
  ItemID varchar(64) NOT NULL,
  OperationID char(64) NOT NULL,
  OperationSequence char(16) NOT NULL,
  LastOperationIndicator char(16) NOT NULL,
  UseIndicator varchar(16) DEFAULT NULL,
  SetupTime varchar(32) NOT NULL,
  RunTime varchar(32) NOT NULL,
  MoveTime varchar(32) NOT NULL
);
INSERT INTO V2_LINE_ROUTING (RoutingID, RoutingName, ItemID, OperationID, OperationSequence, LastOperationIndicator, UseIndicator, SetupTime, RunTime, MoveTime) VALUES
	('ROUTE_CNZN8000', 'CNZN8000-공정경로', 'CNZN8000', '', '', '', 'True', '3600', '5', '50');


drop table if exists v2_andon;
CREATE TABLE IF NOT EXISTS v2_andon (
  AndonID bigint NOT NULL,
  GroupID varchar(64) NOT NULL,
  OperationID varchar(64) DEFAULT NULL,
  StartDateTime varchar(32) DEFAULT NULL,
  CauseNO varchar(64) DEFAULT NULL,
  CauseName varchar(128) DEFAULT NULL,
  LineStopType varchar(64) DEFAULT NULL,
  LineStopName varchar(128) DEFAULT NULL,
  TypeCode varchar(64) DEFAULT NULL,
  TypeName varchar(128) DEFAULT NULL,
  EndDateTime varchar(32) NOT NULL,
  EventDateTime varchar(32) NOT NULL
);


drop table if exists v2_productionorder;
CREATE TABLE IF NOT EXISTS v2_productionorder (
  ProductionOrderID varchar(64) DEFAULT NULL,
  ProductionOrderSequence varchar(16) NOT NULL,
  ItemID varchar(64) NOT NULL,
  ItemUOMCode varchar(16) NOT NULL,
  ProductionOrderQuantity varchar(16) DEFAULT NULL,
  ProductionDueDateTime varchar(32) DEFAULT NULL,
  ScheduleStartDateTime varchar(32) DEFAULT NULL,
  ScheduleEndDateTime varchar(32) DEFAULT NULL,
  SalesDocumentNumber varchar(16) NOT NULL,
  SalesDocumentSequence varchar(16) NOT NULL,
  OperationID varchar(64) NOT NULL
);
INSERT INTO v2_productionorder (ProductionOrderID, ProductionOrderSequence, ItemID, ItemUOMCode, ProductionOrderQuantity, ProductionDueDateTime, ScheduleStartDateTime, ScheduleEndDateTime, SalesDocumentNumber, SalesDocumentSequence, OperationID) VALUES
	('WO-20240710-KR3-2-1', '1', 'CNZN8000', 'EA', '2218', '2024-07-10 17:59:59', '2024-07-10 09:00:00', '2024-07-10 13:00:00', 'W2024L900110', '1', '내함 가조립'),
	('WO-20240710-KR3-2-2', '1', 'CNZN8000', 'EA', '2218', '2024-07-10 17:59:59', '2024-07-10 14:00:00', '2024-07-10 18:00:00', 'W2024L900110', '1', '내함 가조립'),
	('WO-20240710-KR3-1-1', '1', 'CNZN8000', 'EA', '2218', '2024-07-10 17:59:59', '2024-07-10 09:00:00', '2024-07-10 13:00:00', 'W2024L900110', '1', '내함 성형'),
	('WO-20240710-KR3-1-2', '1', 'CNZN8000', 'EA', '2218', '2024-07-10 17:59:59', '2024-07-10 14:00:00', '2024-07-10 18:00:00', 'W2024L900110', '1', '내함 성형'),
	('WO-20240710-KR3-11-1', '1', 'CNZN8000', 'EA', '2218', '2024-07-10 17:59:59', '2024-07-10 09:00:00', '2024-07-10 13:00:00', 'W2024L900110', '1', '출하'),
	('WO-20240710-KR3-11-2', '1', 'CNZN8000', 'EA', '2218', '2024-07-10 17:59:59', '2024-07-10 14:00:00', '2024-07-10 18:00:00', 'W2024L900110', '1', '출하'),
	('WO-20240710-KR3-10-1', '1', 'CNZN8000', 'EA', '2218', '2024-07-10 17:59:59', '2024-07-10 09:00:00', '2024-07-10 13:00:00', 'W2024L900110', '1', '포장'),
	('WO-20240710-KR3-10-2', '1', 'CNZN8000', 'EA', '2218', '2024-07-10 17:59:59', '2024-07-10 14:00:00', '2024-07-10 18:00:00', 'W2024L900110', '1', '포장'),
	('WO-20240710-KR3-4-1', '1', 'CNZN8000', 'EA', '2218', '2024-07-10 17:59:59', '2024-07-10 09:00:00', '2024-07-10 13:00:00', 'W2024L900110', '1', '형합'),
	('WO-20240710-KR3-4-2', '1', 'CNZN8000', 'EA', '2218', '2024-07-10 17:59:59', '2024-07-10 14:00:00', '2024-07-10 18:00:00', 'W2024L900110', '1', '형합'),
	('WO-20240710-KR3-5-1', '1', 'CNZN8000', 'EA', '2218', '2024-07-10 17:59:59', '2024-07-10 09:00:00', '2024-07-10 13:00:00', 'W2024L900110', '1', 'CASE 발포'),
	('WO-20240710-KR3-5-2', '1', 'CNZN8000', 'EA', '2218', '2024-07-10 17:59:59', '2024-07-10 14:00:00', '2024-07-10 18:00:00', 'W2024L900110', '1', 'CASE 발포'),
	('WO-20240710-KR3-3-1', '1', 'CNZN8000', 'EA', '2218', '2024-07-10 17:59:59', '2024-07-10 09:00:00', '2024-07-10 13:00:00', 'W2024L900110', '1', 'CRF'),
	('WO-20240710-KR3-3-2', '1', 'CNZN8000', 'EA', '2218', '2024-07-10 17:59:59', '2024-07-10 14:00:00', '2024-07-10 18:00:00', 'W2024L900110', '1', 'CRF'),
	('WO-20240710-KR3-6-1', '1', 'CNZN8000', 'EA', '2218', '2024-07-10 17:59:59', '2024-07-10 09:00:00', '2024-07-10 13:00:00', 'W2024L900110', '1', 'Cycle 조립'),
	('WO-20240710-KR3-6-2', '1', 'CNZN8000', 'EA', '2218', '2024-07-10 17:59:59', '2024-07-10 14:00:00', '2024-07-10 18:00:00', 'W2024L900110', '1', 'Cycle 조립'),
	('WO-20240710-KR3-7-1', '1', 'CNZN8000', 'EA', '2218', '2024-07-10 17:59:59', '2024-07-10 09:00:00', '2024-07-10 13:00:00', 'W2024L900110', '1', 'Cycle(냉매순환)'),
	('WO-20240710-KR3-7-2', '1', 'CNZN8000', 'EA', '2218', '2024-07-10 17:59:59', '2024-07-10 14:00:00', '2024-07-10 18:00:00', 'W2024L900110', '1', 'Cycle(냉매순환)'),
	('WO-20240710-KR3-8-1', '1', 'CNZN8000', 'EA', '2218', '2024-07-10 17:59:59', '2024-07-10 09:00:00', '2024-07-10 13:00:00', 'W2024L900110', '1', 'Door 조립'),
	('WO-20240710-KR3-8-2', '1', 'CNZN8000', 'EA', '2218', '2024-07-10 17:59:59', '2024-07-10 14:00:00', '2024-07-10 18:00:00', 'W2024L900110', '1', 'Door 조립'),
	('WO-20240710-KR3-9-1', '1', 'CNZN8000', 'EA', '2218', '2024-07-10 17:59:59', '2024-07-10 09:00:00', '2024-07-10 13:00:00', 'W2024L900110', '1', 'QC'),
	('WO-20240710-KR3-9-2', '1', 'CNZN8000', 'EA', '2218', '2024-07-10 17:59:59', '2024-07-10 14:00:00', '2024-07-10 18:00:00', 'W2024L900110', '1', 'QC');


drop table if exists v2_productionperformance;
CREATE TABLE IF NOT EXISTS v2_productionperformance (
  ProductionPerformanceID varchar(64) DEFAULT NULL,
  ProductionPerformanceSequence varchar(16) NOT NULL,
  ProductionOrderID varchar(64) DEFAULT NULL,
  ProductionOrderSequence varchar(16) NOT NULL,
  ItemID varchar(64) NOT NULL,
  ItemUOMCode varchar(16) NOT NULL,
  ProducedQuantity varchar(16) DEFAULT NULL,
  DefectQuantity varchar(16) DEFAULT NULL,
  OperationID varchar(64) NOT NULL,
  OperationSequence varchar(16) NOT NULL,
  PersonnelID char(64) NOT NULL,
  ExecutionStartDateTime varchar(32) NOT NULL,
  ExecutionEndDateTime varchar(32) NOT NULL,
  CancelIndicator char(16) NOT NULL,
  CancelDateTime char(32) NOT NULL,
  LotID varchar(64) DEFAULT NULL,
  BatchID varchar(64) DEFAULT NULL
);
INSERT INTO v2_productionperformance (ProductionPerformanceID, ProductionPerformanceSequence, ProductionOrderID, ProductionOrderSequence, ItemID, ItemUOMCode, ProducedQuantity, DefectQuantity, OperationID, OperationSequence, PersonnelID, ExecutionStartDateTime, ExecutionEndDateTime, CancelIndicator, CancelDateTime, LotID, BatchID) VALUES
	('20240710-KR3-01', '1', 'WO-20240710-KR3-01', '1', 'CNZN8000', 'EA', '955', '0', '출하', '1', '', '2024-07-10 00:00:03', '', '', '', '36803944DU653B563637', '36803944DU653B563637');



drop table if exists v2_productionplanning;
CREATE TABLE IF NOT EXISTS v2_productionplanning (
  ProductionPlanID varchar(64) DEFAULT NULL,
  ItemID varchar(64) NOT NULL,
  ProductionPlanQuantity varchar(16) DEFAULT NULL,
  ScheduleStartDateTime varchar(32) DEFAULT NULL,
  ScheduleEndDateTime varchar(32) DEFAULT NULL
);
INSERT INTO v2_productionplanning (ProductionPlanID, ItemID, ProductionPlanQuantity, ScheduleStartDateTime, ScheduleEndDateTime) VALUES
	('PPD-20240710-KR3-01', 'CNZN8000', '2218', '2024-07-10 08:00:00', '2024-07-10 17:59:59');


drop table if exists v2_repair;
CREATE TABLE IF NOT EXISTS v2_repair (
  RepairID bigint NOT NULL,
  GroupID varchar(64) NOT NULL,
  DefectRegOperationID varchar(64) NOT NULL,
  DefectRegEquipmentID varchar(64) NOT NULL,
  DefectRegDateTime varchar(32) DEFAULT NULL,
  RepairDateTime varchar(32) DEFAULT NULL,
  ProductionItemSerialNO varchar(32) NOT NULL,
  DetectedProcess varchar(64) NOT NULL,
  InitialDefectLevel1 varchar(100) DEFAULT NULL,
  InitialDefectLevel2 varchar(100) DEFAULT NULL,
  InitialDefectLevel3 varchar(100) DEFAULT NULL
);
INSERT INTO v2_repair (RepairID, GroupID, DefectRegOperationID, DefectRegEquipmentID, DefectRegDateTime, RepairDateTime, ProductionItemSerialNO, DetectedProcess, InitialDefectLevel1, InitialDefectLevel2, InitialDefectLevel3) VALUES
	(3118, 'KR3', 'QC', 'Cover Back Robot', '2024-07-09 07:35:09', '2024-07-10 17:40:19', '91967582BS834B995581', '수리입력(Cycle)', '자주순차불량', '자주순차불량', '자주순차불량');

